UPC,STORE_NUM,WEEK,UNITS,UNITS_WIN,UNITS_USE,SPEND,PRICE,BASE_PRICE,FEATURE,DISPLAY,TPR_ONLY,WEEK_END_DATE,CATEGORY,SUB_CATEGORY,PRODUCT_SIZE,MANUFACTURER,STORE_TIER,STORE_SIZE,STATE,DISCOUNT,PROMO_STATE
1111035398,19521,2011-12-19/2011-12-25,1,1.0,1.0,2.69,2.69,2.99,0,0,1,2011-12-21,ORAL HYGIENE PRODUCTS,MOUTHWASHES (ANTISEPTIC),1.5 LT,PRIVATE LABEL,UPSCALE,47757,TX,0.30000000000000027,tpr_only
88491212971,26981,2009-09-28/2009-10-04,23,23.0,23.0,59.800000000000004,2.6,2.6,0,0,0,2009-09-30,COLD CEREAL,KIDS CEREAL,11 OZ,POST FOODS,MAINSTREAM,42081,OH,0.0,baseline
2840004768,17615,2010-11-29/2010-12-05,17,17.0,17.0,49.13,2.89,2.89,0,0,0,2010-12-01,BAG SNACKS,PRETZELS,16 OZ,FRITO LAY,MAINSTREAM,48632,TX,0.0,baseline
88491212971,19265,2011-01-24/2011-01-30,30,30.0,30.0,86.39999999999999,2.88,2.88,0,0,0,2011-01-26,COLD CEREAL,KIDS CEREAL,11 OZ,POST FOODS,MAINSTREAM,55685,KY,0.0,baseline
3000006610,23055,2010-12-20/2010-12-26,21,21.0,21.0,42.84,2.04,2.39,0,0,1,2010-12-22,COLD CEREAL,KIDS CEREAL,14 OZ,QUAKER,VALUE,22920,OH,0.3500000000000001,tpr_only
1111085345,12011,2011-09-12/2011-09-18,29,29.0,29.0,52.2,1.8,1.8,0,0,0,2011-09-14,COLD CEREAL,ADULT CEREAL,20 OZ,PRIVATE LABEL,MAINSTREAM,41325,TX,0.0,baseline
31254742735,2495,2011-06-13/2011-06-19,10,10.0,10.0,39.900000000000006,3.9900000000000007,4.83,0,0,1,2011-06-15,ORAL HYGIENE PRODUCTS,MOUTHWASHES (ANTISEPTIC),1 LT,WARNER,MAINSTREAM,48462,TX,0.8399999999999999,tpr_only
3800039118,13837,2009-09-21/2009-09-27,28,28.0,28.0,83.44,2.98,2.98,0,0,0,2009-09-23,COLD CEREAL,KIDS CEREAL,12.2 OZ,KELLOGG,MAINSTREAM,49164,TX,0.0,baseline
3000006610,2505,2009-12-14/2009-12-20,11,11.0,11.0,28.49,2.59,2.59,0,0,0,2009-12-16,COLD CEREAL,KIDS CEREAL,14 OZ,QUAKER,MAINSTREAM,41644,TX,0.0,baseline
1111087396,387,2011-08-08/2011-08-14,9,9.0,9.0,35.370000000000005,3.9300000000000006,3.9300000000000006,0,0,0,2011-08-10,FROZEN PIZZA,PIZZA/PREMIUM,30.5 OZ,PRIVATE LABEL,UPSCALE,44547,OH,0.0,baseline
2840002333,6431,2011-01-24/2011-01-30,2,2.0,2.0,4.36,2.18,2.89,1,0,0,2011-01-26,BAG SNACKS,PRETZELS,10 OZ,FRITO LAY,VALUE,43698,TX,0.71,feature
31254742735,21485,2010-07-19/2010-07-25,3,3.0,3.0,17.37,5.79,5.79,0,0,0,2010-07-21,ORAL HYGIENE PRODUCTS,MOUTHWASHES (ANTISEPTIC),1 LT,WARNER,MAINSTREAM,46369,TX,0.0,baseline
7192100339,10019,2009-05-18/2009-05-24,5,5.0,5.0,31.349999999999998,6.27,6.27,0,0,0,2009-05-20,FROZEN PIZZA,PIZZA/PREMIUM,28.3 OZ,TOMBSTONE,VALUE,35675,TX,0.0,baseline
7218063979,4245,2011-11-21/2011-11-27,2,2.0,2.0,14.98,7.49,7.49,0,1,0,2011-11-23,FROZEN PIZZA,PIZZA/PREMIUM,27.35 OZ,TONYS,MAINSTREAM,58563,IN,0.0,display
1111038080,19521,2011-10-31/2011-11-06,3,3.0,3.0,3.0,1.0,1.5,0,0,1,2011-11-02,ORAL HYGIENE PRODUCTS,MOUTHWASHES (ANTISEPTIC),500 ML,PRIVATE LABEL,UPSCALE,47757,TX,0.5,tpr_only
31254742735,25253,2011-01-03/2011-01-09,3,3.0,3.0,14.61,4.87,4.87,0,0,0,2011-01-05,ORAL HYGIENE PRODUCTS,MOUTHWASHES (ANTISEPTIC),1 LT,WARNER,MAINSTREAM,33931,TX,0.0,baseline
3800031829,4489,2009-03-02/2009-03-08,48,48.0,48.0,138.24,2.8800000000000003,2.8800000000000003,0,0,0,2009-03-04,COLD CEREAL,ALL FAMILY CEREAL,18 OZ,KELLOGG,UPSCALE,49030,TX,0.0,baseline
1111085345,389,2011-04-18/2011-04-24,54,54.0,54.0,101.52,1.88,1.88,0,0,0,2011-04-20,COLD CEREAL,ADULT CEREAL,20 OZ,PRIVATE LABEL,MAINSTREAM,46073,KY,0.0,baseline
88491201426,8041,2011-12-19/2011-12-25,9,9.0,9.0,30.330000000000002,3.37,3.37,0,0,0,2011-12-21,COLD CEREAL,ADULT CEREAL,18 OZ,POST FOODS,MAINSTREAM,49074,OH,0.0,baseline
7218063979,29159,2010-11-15/2010-11-21,4,4.0,4.0,29.16,7.29,7.29,0,0,0,2010-11-17,FROZEN PIZZA,PIZZA/PREMIUM,27.35 OZ,TONYS,MAINSTREAM,54927,TX,0.0,baseline
7192100336,11967,2009-06-29/2009-07-05,8,8.0,8.0,52.72,6.59,6.59,0,0,0,2009-07-01,FROZEN PIZZA,PIZZA/PREMIUM,29.8 OZ,TOMBSTONE,VALUE,25072,TX,0.0,baseline
7192100339,25253,2010-04-19/2010-04-25,3,3.0,3.0,19.77,6.59,6.59,0,0,0,2010-04-21,FROZEN PIZZA,PIZZA/PREMIUM,28.3 OZ,TOMBSTONE,MAINSTREAM,33931,TX,0.0,baseline
4116709565,12011,2010-01-11/2010-01-17,4,4.0,4.0,15.96,3.99,4.99,0,0,1,2010-01-13,ORAL HYGIENE PRODUCTS,MOUTHWASHES (ANTISEPTIC),532 ML,CHATTEM,MAINSTREAM,41325,TX,1.0,tpr_only
1111009507,25253,2009-10-19/2009-10-25,2,2.0,2.0,2.5,1.25,1.25,0,0,0,2009-10-21,BAG SNACKS,PRETZELS,15 OZ,PRIVATE LABEL,MAINSTREAM,33931,TX,0.0,baseline
7192100336,4259,2011-02-28/2011-03-06,8,8.0,8.0,57.52,7.19,7.19,0,0,0,2011-03-02,FROZEN PIZZA,PIZZA/PREMIUM,29.8 OZ,TOMBSTONE,VALUE,48813,OH,0.0,baseline
7218063979,2523,2010-09-13/2010-09-19,1,1.0,1.0,7.29,7.29,7.29,0,0,0,2010-09-15,FROZEN PIZZA,PIZZA/PREMIUM,27.35 OZ,TONYS,VALUE,34373,TX,0.0,baseline
1111038080,23349,2009-03-30/2009-04-05,1,1.0,1.0,2.69,2.69,2.69,0,0,0,2009-04-01,ORAL HYGIENE PRODUCTS,MOUTHWASHES (ANTISEPTIC),500 ML,PRIVATE LABEL,VALUE,46212,TX,0.0,baseline
4116709565,21237,2010-02-08/2010-02-14,3,3.0,3.0,14.97,4.99,4.99,0,0,0,2010-02-10,ORAL HYGIENE PRODUCTS,MOUTHWASHES (ANTISEPTIC),532 ML,CHATTEM,MAINSTREAM,86517,OH,0.0,baseline
7110410455,13609,2011-12-12/2011-12-18,33,33.0,33.0,66.0,2.0,2.0,0,0,0,2011-12-14,BAG SNACKS,PRETZELS,16 OZ,MKSL,MAINSTREAM,55663,OH,0.0,baseline
2840004768,26981,2010-01-25/2010-01-31,3,3.0,3.0,8.67,2.89,2.89,0,0,0,2010-01-27,BAG SNACKS,PRETZELS,16 OZ,FRITO LAY,MAINSTREAM,42081,OH,0.0,baseline
88491201427,24991,2011-09-12/2011-09-18,43,43.0,43.0,142.76,3.32,3.32,0,0,0,2011-09-14,COLD CEREAL,ADULT CEREAL,18 OZ,POST FOODS,UPSCALE,77730,OH,0.0,baseline
1600027527,13859,2009-07-06/2009-07-12,33,33.0,33.0,105.27,3.19,3.19,0,0,0,2009-07-08,COLD CEREAL,ALL FAMILY CEREAL,12.25 OZ,GENERAL MI,MAINSTREAM,47824,TX,0.0,baseline
1111085350,11993,2010-07-05/2010-07-11,23,23.0,23.0,53.36,2.32,2.32,0,0,0,2010-07-07,COLD CEREAL,ALL FAMILY CEREAL,18 OZ,PRIVATE LABEL,UPSCALE,57741,TX,0.0,baseline
3800031838,24991,2010-03-22/2010-03-28,27,27.0,27.0,76.67999999999999,2.84,2.84,0,0,0,2010-03-24,COLD CEREAL,KIDS CEREAL,15 OZ,KELLOGG,UPSCALE,77730,OH,0.0,baseline
2066200530,21227,2011-01-24/2011-01-30,7,7.0,7.0,41.93,5.99,5.99,0,0,0,2011-01-26,FROZEN PIZZA,PIZZA/PREMIUM,13.2 OZ,KING,UPSCALE,85710,OH,0.0,baseline
7110410470,2279,2010-06-21/2010-06-27,2,2.0,2.0,4.78,2.39,2.39,0,0,0,2010-06-23,BAG SNACKS,PRETZELS,16 OZ,MKSL,MAINSTREAM,44175,OH,0.0,baseline
3800031838,21213,2010-05-17/2010-05-23,119,119.0,119.0,230.85999999999999,1.94,2.76,0,1,0,2010-05-19,COLD CEREAL,KIDS CEREAL,15 OZ,KELLOGG,MAINSTREAM,46630,OH,0.8199999999999998,display
3800031838,15531,2010-07-05/2010-07-11,25,25.0,25.0,72.0,2.88,2.88,0,0,0,2010-07-07,COLD CEREAL,KIDS CEREAL,15 OZ,KELLOGG,VALUE,33667,OH,0.0,baseline
7797502248,15541,2011-01-31/2011-02-06,9,9.0,9.0,22.410000000000004,2.49,2.49,0,0,0,2011-02-02,BAG SNACKS,PRETZELS,10 OZ,SNYDER S,MAINSTREAM,38858,OH,0.0,baseline
31254742735,2277,2009-08-03/2009-08-09,14,14.0,14.0,69.86,4.99,4.99,0,0,0,2009-08-05,ORAL HYGIENE PRODUCTS,MOUTHWASHES (ANTISEPTIC),1 LT,WARNER,UPSCALE,81958,OH,0.0,baseline
1600027528,25261,2010-06-28/2010-07-04,91,91.0,91.0,226.59000000000003,2.49,4.39,1,1,0,2010-06-30,COLD CEREAL,ALL FAMILY CEREAL,18 OZ,GENERAL MI,MAINSTREAM,46368,TX,1.8999999999999995,feature+display
1111009497,23327,2009-09-21/2009-09-27,23,23.0,23.0,21.849999999999998,0.95,0.95,0,0,0,2009-09-23,BAG SNACKS,PRETZELS,15 OZ,PRIVATE LABEL,MAINSTREAM,50722,TX,0.0,baseline
3500068914,26973,2010-07-05/2010-07-11,1,1.0,1.0,7.99,7.99,7.99,0,0,0,2010-07-07,ORAL HYGIENE PRODUCTS,MOUTHWASH/RINSES AND SPRAYS,16 CT,COLGATE,MAINSTREAM,48128,OH,0.0,baseline
1111009497,6179,2010-05-03/2010-05-09,60,60.0,60.0,89.4,1.49,1.45,0,1,0,2010-05-05,BAG SNACKS,PRETZELS,15 OZ,PRIVATE LABEL,UPSCALE,54448,OH,0.0,display
7192100337,25229,2010-03-22/2010-03-28,41,41.0,41.0,183.26999999999998,4.47,6.59,1,1,0,2010-03-24,FROZEN PIZZA,PIZZA/PREMIUM,32.7 OZ,TOMBSTONE,MAINSTREAM,59241,TX,2.12,feature+display
3700044982,4521,2010-02-08/2010-02-14,1,1.0,1.0,5.69,5.69,5.69,0,0,0,2010-02-10,ORAL HYGIENE PRODUCTS,MOUTHWASHES (ANTISEPTIC),1 LT,P & G,MAINSTREAM,34628,TX,0.0,baseline
3700019521,24991,2010-06-21/2010-06-27,6,6.0,6.0,21.48,3.58,3.58,0,0,0,2010-06-23,ORAL HYGIENE PRODUCTS,MOUTHWASH/RINSES AND SPRAYS,4.2 OZ,P & G,UPSCALE,77730,OH,0.0,baseline
3700031613,2495,2011-10-17/2011-10-23,2,2.0,2.0,8.58,4.29,4.29,0,0,0,2011-10-19,ORAL HYGIENE PRODUCTS,MOUTHWASH/RINSES AND SPRAYS,1 LT,P & G,MAINSTREAM,48462,TX,0.0,baseline
7110410455,11761,2009-04-20/2009-04-26,2,2.0,2.0,5.0,2.5,2.79,0,0,1,2009-04-22,BAG SNACKS,PRETZELS,16 OZ,MKSL,UPSCALE,53905,OH,0.29000000000000004,tpr_only
4116709448,19523,2010-05-31/2010-06-06,3,3.0,3.0,13.77,4.59,4.59,0,0,0,2010-06-02,ORAL HYGIENE PRODUCTS,MOUTHWASH/RINSES AND SPRAYS,532 ML,CHATTEM,VALUE,48594,TX,0.0,baseline
88491201427,25027,2011-10-03/2011-10-09,25,25.0,25.0,83.5,3.34,3.34,0,0,0,2011-10-05,COLD CEREAL,ADULT CEREAL,18 OZ,POST FOODS,MAINSTREAM,62656,OH,0.0,baseline
7218063052,17615,2009-11-16/2009-11-22,5,5.0,5.0,32.45,6.49,6.49,0,0,0,2009-11-18,FROZEN PIZZA,PIZZA/PREMIUM,22.7 OZ,TONYS,MAINSTREAM,48632,TX,0.0,baseline
1111087395,2277,2011-05-16/2011-05-22,6,6.0,6.0,31.740000000000002,5.29,5.29,0,0,0,2011-05-18,FROZEN PIZZA,PIZZA/PREMIUM,32.7 OZ,PRIVATE LABEL,UPSCALE,81958,OH,0.0,baseline
2840004770,21479,2009-07-20/2009-07-26,1,1.0,1.0,2.89,2.89,2.89,0,0,0,2009-07-22,BAG SNACKS,PRETZELS,16 OZ,FRITO LAY,VALUE,49104,TX,0.0,baseline
1111085345,23067,2009-06-15/2009-06-21,39,39.0,39.0,64.74,1.66,1.89,0,0,1,2009-06-17,COLD CEREAL,ADULT CEREAL,20 OZ,PRIVATE LABEL,MAINSTREAM,37319,OH,0.22999999999999998,tpr_only
7797508004,27175,2011-05-16/2011-05-22,19,19.0,19.0,45.22,2.38,2.99,0,0,1,2011-05-18,BAG SNACKS,PRETZELS,16 OZ,SNYDER S,UPSCALE,50224,TX,0.6100000000000003,tpr_only
3800031838,23055,2009-10-19/2009-10-25,24,24.0,24.0,76.56,3.19,3.19,0,0,0,2009-10-21,COLD CEREAL,KIDS CEREAL,15 OZ,KELLOGG,VALUE,22920,OH,0.0,baseline
1111085319,23349,2010-01-25/2010-01-31,15,15.0,15.0,26.55,1.77,1.77,0,0,0,2010-01-27,COLD CEREAL,ALL FAMILY CEREAL,12.25 OZ,PRIVATE LABEL,VALUE,46212,TX,0.0,baseline
3700019521,387,2009-01-19/2009-01-25,11,11.0,11.0,27.5,2.5,3.49,0,0,1,2009-01-21,ORAL HYGIENE PRODUCTS,MOUTHWASH/RINSES AND SPRAYS,4.2 OZ,P & G,UPSCALE,44547,OH,0.9900000000000002,tpr_only
1111038080,6187,2011-12-12/2011-12-18,6,6.0,6.0,10.14,1.6900000000000002,1.6900000000000002,0,0,0,2011-12-14,ORAL HYGIENE PRODUCTS,MOUTHWASHES (ANTISEPTIC),500 ML,PRIVATE LABEL,MAINSTREAM,55474,OH,0.0,baseline
7192100339,8263,2009-03-23/2009-03-29,12,12.0,12.0,72.24,6.02,6.02,0,0,0,2009-03-25,FROZEN PIZZA,PIZZA/PREMIUM,28.3 OZ,TOMBSTONE,UPSCALE,51055,TX,0.0,baseline
7797508006,2541,2009-04-13/2009-04-19,3,3.0,3.0,8.67,2.89,2.89,0,0,0,2009-04-15,BAG SNACKS,PRETZELS,16 OZ,SNYDER S,MAINSTREAM,29231,TX,0.0,baseline
1111085350,13859,2010-06-07/2010-06-13,24,24.0,24.0,47.519999999999996,1.9799999999999998,1.9799999999999998,0,0,0,2010-06-09,COLD CEREAL,ALL FAMILY CEREAL,18 OZ,PRIVATE LABEL,MAINSTREAM,47824,TX,0.0,baseline
1600027564,6431,2011-10-17/2011-10-23,23,23.0,23.0,66.93,2.91,2.91,0,0,0,2011-10-19,COLD CEREAL,ALL FAMILY CEREAL,12 OZ,GENERAL MI,VALUE,43698,TX,0.0,baseline
7110410470,2277,2011-12-05/2011-12-11,10,10.0,10.0,20.0,2.0,2.0,0,0,0,2011-12-07,BAG SNACKS,PRETZELS,16 OZ,MKSL,UPSCALE,81958,OH,0.0,baseline
1111035398,11993,2010-03-01/2010-03-07,3,3.0,3.0,9.51,3.17,3.17,0,0,0,2010-03-03,ORAL HYGIENE PRODUCTS,MOUTHWASHES (ANTISEPTIC),1.5 LT,PRIVATE LABEL,UPSCALE,57741,TX,0.0,baseline
1111038078,21479,2010-05-03/2010-05-09,27,27.0,27.0,25.38,0.94,1.53,1,1,0,2010-05-05,ORAL HYGIENE PRODUCTS,MOUTHWASHES (ANTISEPTIC),500 ML,PRIVATE LABEL,VALUE,49104,TX,0.5900000000000001,feature+display
3000006340,25021,2010-07-05/2010-07-11,15,15.0,15.0,44.550000000000004,2.97,2.97,0,0,0,2010-07-07,COLD CEREAL,ALL FAMILY CEREAL,13 OZ,QUAKER,VALUE,62961,OH,0.0,baseline
3000006560,17627,2009-04-13/2009-04-19,48,48.0,48.0,124.32,2.59,2.59,0,0,0,2009-04-15,COLD CEREAL,KIDS CEREAL,13 OZ,QUAKER,MAINSTREAM,59213,TX,0.0,baseline
1111087396,23345,2011-02-07/2011-02-13,3,3.0,3.0,8.97,2.99,2.99,0,0,0,2011-02-09,FROZEN PIZZA,PIZZA/PREMIUM,30.5 OZ,PRIVATE LABEL,UPSCALE,46369,TX,0.0,baseline
7797508006,21227,2011-01-31/2011-02-06,28,28.0,28.0,75.32,2.69,2.9899999999999998,0,1,0,2011-02-02,BAG SNACKS,PRETZELS,16 OZ,SNYDER S,UPSCALE,85710,OH,0.30000000000000027,display
7797502248,4245,2010-03-15/2010-03-21,3,3.0,3.0,6.57,2.19,2.49,0,0,1,2010-03-17,BAG SNACKS,PRETZELS,10 OZ,SNYDER S,MAINSTREAM,58563,IN,0.30000000000000027,tpr_only
7797502248,21479,2009-03-09/2009-03-15,3,3.0,3.0,7.17,2.39,2.39,0,0,0,2009-03-11,BAG SNACKS,PRETZELS,10 OZ,SNYDER S,VALUE,49104,TX,0.0,baseline
31254742835,23067,2011-08-29/2011-09-04,6,6.0,6.0,23.94,3.99,4.99,1,1,0,2011-08-31,ORAL HYGIENE PRODUCTS,MOUTHWASHES (ANTISEPTIC),1 LT,WARNER,MAINSTREAM,37319,OH,1.0,feature+display
1111085350,6187,2009-02-16/2009-02-22,48,48.0,48.0,109.92,2.29,2.29,0,0,0,2009-02-18,COLD CEREAL,ALL FAMILY CEREAL,18 OZ,PRIVATE LABEL,MAINSTREAM,55474,OH,0.0,baseline
2840004770,387,2009-10-19/2009-10-25,11,11.0,11.0,31.790000000000003,2.89,2.89,0,0,0,2009-10-21,BAG SNACKS,PRETZELS,16 OZ,FRITO LAY,UPSCALE,44547,OH,0.0,baseline
1111009507,2495,2010-09-20/2010-09-26,5,5.0,5.0,6.1,1.22,1.22,0,0,0,2010-09-22,BAG SNACKS,PRETZELS,15 OZ,PRIVATE LABEL,MAINSTREAM,48462,TX,0.0,baseline
4116709448,2541,2011-11-14/2011-11-20,1,1.0,1.0,4.59,4.59,4.59,0,0,0,2011-11-16,ORAL HYGIENE PRODUCTS,MOUTHWASH/RINSES AND SPRAYS,532 ML,CHATTEM,MAINSTREAM,29231,TX,0.0,baseline
3700031613,25027,2009-10-05/2009-10-11,7,7.0,7.0,26.53,3.79,3.79,0,0,0,2009-10-07,ORAL HYGIENE PRODUCTS,MOUTHWASH/RINSES AND SPRAYS,1 LT,P & G,MAINSTREAM,62656,OH,0.0,baseline
3800039118,613,2010-07-05/2010-07-11,18,18.0,18.0,57.42,3.19,3.19,0,0,0,2010-07-07,COLD CEREAL,KIDS CEREAL,12.2 OZ,KELLOGG,MAINSTREAM,64926,TX,0.0,baseline
1111009507,2523,2011-09-26/2011-10-02,4,4.0,4.0,4.88,1.22,1.22,0,0,0,2011-09-28,BAG SNACKS,PRETZELS,15 OZ,PRIVATE LABEL,VALUE,34373,TX,0.0,baseline
3800039118,17599,2010-07-26/2010-08-01,17,17.0,17.0,54.23,3.19,3.19,0,0,0,2010-07-28,COLD CEREAL,KIDS CEREAL,12.2 OZ,KELLOGG,VALUE,36994,TX,0.0,baseline
1600027527,2505,2011-06-20/2011-06-26,49,49.0,49.0,128.87,2.63,2.63,0,0,0,2011-06-22,COLD CEREAL,ALL FAMILY CEREAL,12.25 OZ,GENERAL MI,MAINSTREAM,41644,TX,0.0,baseline
3800031838,2523,2009-02-09/2009-02-15,21,21.0,21.0,51.45,2.45,2.99,0,0,1,2009-02-11,COLD CEREAL,KIDS CEREAL,15 OZ,KELLOGG,VALUE,34373,TX,0.54,tpr_only
3800039118,25261,2011-07-25/2011-07-31,103,103.0,103.0,204.97,1.99,3.31,1,1,0,2011-07-27,COLD CEREAL,KIDS CEREAL,12.2 OZ,KELLOGG,MAINSTREAM,46368,TX,1.32,feature+display
1600027527,25253,2009-06-08/2009-06-14,17,17.0,17.0,54.23,3.19,3.19,0,0,0,2009-06-10,COLD CEREAL,ALL FAMILY CEREAL,12.25 OZ,GENERAL MI,MAINSTREAM,33931,TX,0.0,baseline
2840004768,21227,2009-05-11/2009-05-17,24,24.0,24.0,69.36,2.89,2.89,0,0,0,2009-05-13,BAG SNACKS,PRETZELS,16 OZ,FRITO LAY,UPSCALE,85710,OH,0.0,baseline
1111085319,4521,2009-03-30/2009-04-05,14,14.0,14.0,25.48,1.82,1.82,0,0,0,2009-04-01,COLD CEREAL,ALL FAMILY CEREAL,12.25 OZ,PRIVATE LABEL,MAINSTREAM,34628,TX,0.0,baseline
7218063052,21213,2010-06-07/2010-06-13,4,4.0,4.0,25.16,6.29,6.29,0,0,0,2010-06-09,FROZEN PIZZA,PIZZA/PREMIUM,22.7 OZ,TONYS,MAINSTREAM,46630,OH,0.0,baseline
7218063052,19533,2011-10-10/2011-10-16,12,12.0,12.0,71.88,5.989999999999999,7.489999999999999,1,1,0,2011-10-12,FROZEN PIZZA,PIZZA/PREMIUM,22.7 OZ,TONYS,MAINSTREAM,48330,TX,1.5,feature+display
1111087398,19523,2010-12-13/2010-12-19,25,25.0,25.0,74.75,2.99,3.3,1,0,0,2010-12-15,FROZEN PIZZA,PIZZA/PREMIUM,29.6 OZ,PRIVATE LABEL,VALUE,48594,TX,0.3099999999999996,feature
1111085345,25027,2009-11-02/2009-11-08,57,57.0,57.0,106.02000000000001,1.86,1.86,0,0,0,2009-11-04,COLD CEREAL,ADULT CEREAL,20 OZ,PRIVATE LABEL,MAINSTREAM,62656,OH,0.0,baseline
2840002333,28909,2011-01-10/2011-01-16,13,13.0,13.0,38.870000000000005,2.99,2.99,0,0,0,2011-01-12,BAG SNACKS,PRETZELS,10 OZ,FRITO LAY,MAINSTREAM,85876,OH,0.0,baseline
3000006560,8035,2010-09-27/2010-10-03,63,63.0,63.0,124.74,1.98,2.59,0,1,0,2010-09-29,COLD CEREAL,KIDS CEREAL,13 OZ,QUAKER,VALUE,10788,OH,0.6099999999999999,display
3700019521,6179,2011-08-08/2011-08-14,7,7.0,7.0,24.22,3.46,3.46,0,0,0,2011-08-10,ORAL HYGIENE PRODUCTS,MOUTHWASH/RINSES AND SPRAYS,4.2 OZ,P & G,UPSCALE,54448,OH,0.0,baseline
88491201427,25229,2010-02-08/2010-02-14,64,64.0,64.0,172.8,2.7,3.37,1,1,0,2010-02-10,COLD CEREAL,ADULT CEREAL,18 OZ,POST FOODS,MAINSTREAM,59241,TX,0.6699999999999999,feature+display
7192100336,13609,2011-09-19/2011-09-25,42,42.0,42.0,201.6,4.8,6.589999999999999,1,1,0,2011-09-21,FROZEN PIZZA,PIZZA/PREMIUM,29.8 OZ,TOMBSTONE,MAINSTREAM,55663,OH,1.79,feature+display
1111087398,2513,2011-09-26/2011-10-02,3,3.0,3.0,10.620000000000001,3.5400000000000005,3.5400000000000005,0,0,0,2011-09-28,FROZEN PIZZA,PIZZA/PREMIUM,29.6 OZ,PRIVATE LABEL,UPSCALE,61833,TX,0.0,baseline
7218063979,623,2010-11-15/2010-11-21,3,3.0,3.0,21.87,7.29,7.29,0,0,0,2010-11-17,FROZEN PIZZA,PIZZA/PREMIUM,27.35 OZ,TONYS,MAINSTREAM,46930,TX,0.0,baseline
1111009507,2513,2011-02-07/2011-02-13,29,29.0,29.0,28.71,0.99,1.21,0,0,1,2011-02-09,BAG SNACKS,PRETZELS,15 OZ,PRIVATE LABEL,UPSCALE,61833,TX,0.21999999999999997,tpr_only
3000006340,8041,2009-06-29/2009-07-05,5,5.0,5.0,14.850000000000001,2.97,2.97,0,0,0,2009-07-01,COLD CEREAL,ALL FAMILY CEREAL,13 OZ,QUAKER,MAINSTREAM,49074,OH,0.0,baseline
7797502248,389,2010-04-12/2010-04-18,37,37.0,37.0,84.73,2.29,2.29,0,0,0,2010-04-14,BAG SNACKS,PRETZELS,10 OZ,SNYDER S,MAINSTREAM,46073,KY,0.0,baseline
7192100337,13827,2009-05-18/2009-05-24,12,12.0,12.0,79.08,6.59,6.59,0,0,0,2009-05-20,FROZEN PIZZA,PIZZA/PREMIUM,32.7 OZ,TOMBSTONE,MAINSTREAM,50766,TX,0.0,baseline
3000006610,21485,2010-05-03/2010-05-09,2,2.0,2.0,5.18,2.59,2.59,0,0,0,2010-05-05,COLD CEREAL,KIDS CEREAL,14 OZ,QUAKER,MAINSTREAM,46369,TX,0.0,baseline
1111085345,19533,2011-10-24/2011-10-30,61,61.0,61.0,100.64999999999999,1.65,1.64,0,1,0,2011-10-26,COLD CEREAL,ADULT CEREAL,20 OZ,PRIVATE LABEL,MAINSTREAM,48330,TX,0.0,display
1600027564,4259,2009-11-09/2009-11-15,34,34.0,34.0,108.46,3.19,3.19,0,0,0,2009-11-11,COLD CEREAL,ALL FAMILY CEREAL,12 OZ,GENERAL MI,VALUE,48813,OH,0.0,baseline
2066200531,4489,2011-10-24/2011-10-30,5,5.0,5.0,29.950000000000003,5.99,5.99,0,0,0,2011-10-26,FROZEN PIZZA,PIZZA/PREMIUM,13.3 OZ,KING,UPSCALE,49030,TX,0.0,baseline
3800039118,8041,2010-12-27/2011-01-02,9,9.0,9.0,29.88,3.32,3.32,0,0,0,2010-12-29,COLD CEREAL,KIDS CEREAL,12.2 OZ,KELLOGG,MAINSTREAM,49074,OH,0.0,baseline
7797508004,15541,2010-03-22/2010-03-28,36,36.0,36.0,89.64000000000001,2.49,2.99,0,1,0,2010-03-24,BAG SNACKS,PRETZELS,16 OZ,SNYDER S,MAINSTREAM,38858,OH,0.5,display
1111087396,17599,2010-11-08/2010-11-14,21,21.0,21.0,67.62,3.22,3.22,0,0,0,2010-11-10,FROZEN PIZZA,PIZZA/PREMIUM,30.5 OZ,PRIVATE LABEL,VALUE,36994,TX,0.0,baseline
1111087398,9825,2010-05-17/2010-05-23,20,20.0,20.0,89.80000000000001,4.49,4.49,0,0,0,2010-05-19,FROZEN PIZZA,PIZZA/PREMIUM,29.6 OZ,PRIVATE LABEL,MAINSTREAM,54124,OH,0.0,baseline
1600027527,21227,2011-06-13/2011-06-19,85,85.0,85.0,254.15,2.99,2.99,0,0,0,2011-06-15,COLD CEREAL,ALL FAMILY CEREAL,12.25 OZ,GENERAL MI,UPSCALE,85710,OH,0.0,baseline
7027316404,6179,2010-02-15/2010-02-21,13,13.0,13.0,26.26,2.02,2.02,0,0,0,2010-02-17,BAG SNACKS,PRETZELS,16 OZ,SHULTZ,UPSCALE,54448,OH,0.0,baseline
1111085319,21485,2010-08-16/2010-08-22,11,11.0,11.0,20.79,1.89,1.89,0,0,0,2010-08-18,COLD CEREAL,ALL FAMILY CEREAL,12.25 OZ,PRIVATE LABEL,MAINSTREAM,46369,TX,0.0,baseline
1111009477,15547,2009-06-29/2009-07-05,33,33.0,33.0,55.44,1.68,1.68,0,0,0,2009-07-01,BAG SNACKS,PRETZELS,15 OZ,PRIVATE LABEL,MAINSTREAM,48132,OH,0.0,baseline
88491212971,8263,2011-12-19/2011-12-25,4,4.0,4.0,10.48,2.62,2.62,0,0,0,2011-12-21,COLD CEREAL,KIDS CEREAL,11 OZ,POST FOODS,UPSCALE,51055,TX,0.0,baseline
31254742725,11967,2009-06-15/2009-06-21,4,4.0,4.0,18.36,4.59,4.59,0,0,0,2009-06-17,ORAL HYGIENE PRODUCTS,MOUTHWASHES (ANTISEPTIC),500 ML,WARNER,VALUE,25072,TX,0.0,baseline
88491201427,11993,2009-07-06/2009-07-12,40,40.0,40.0,134.8,3.37,3.37,0,0,0,2009-07-08,COLD CEREAL,ADULT CEREAL,18 OZ,POST FOODS,UPSCALE,57741,TX,0.0,baseline
2840004768,387,2011-06-13/2011-06-19,14,14.0,14.0,41.86,2.9899999999999998,2.9899999999999998,0,0,0,2011-06-15,BAG SNACKS,PRETZELS,16 OZ,FRITO LAY,UPSCALE,44547,OH,0.0,baseline
4116709428,25253,2010-08-30/2010-09-05,1,1.0,1.0,4.59,4.59,4.59,0,0,0,2010-09-01,ORAL HYGIENE PRODUCTS,MOUTHWASH/RINSES AND SPRAYS,532 ML,CHATTEM,MAINSTREAM,33931,TX,0.0,baseline
7192100339,13859,2009-01-19/2009-01-25,9,9.0,9.0,53.910000000000004,5.99,6.29,1,0,0,2009-01-21,FROZEN PIZZA,PIZZA/PREMIUM,28.3 OZ,TOMBSTONE,MAINSTREAM,47824,TX,0.2999999999999998,feature
1111035398,2495,2010-04-12/2010-04-18,1,1.0,1.0,3.17,3.17,3.17,0,0,0,2010-04-14,ORAL HYGIENE PRODUCTS,MOUTHWASHES (ANTISEPTIC),1.5 LT,PRIVATE LABEL,MAINSTREAM,48462,TX,0.0,baseline
7192100339,19521,2010-09-13/2010-09-19,18,18.0,18.0,89.82000000000001,4.99,6.59,0,1,0,2010-09-15,FROZEN PIZZA,PIZZA/PREMIUM,28.3 OZ,TOMBSTONE,UPSCALE,47757,TX,1.5999999999999996,display
1111009477,10019,2010-06-07/2010-06-13,10,10.0,10.0,12.2,1.22,1.22,0,0,0,2010-06-09,BAG SNACKS,PRETZELS,15 OZ,PRIVATE LABEL,VALUE,35675,TX,0.0,baseline
1111087395,11757,2010-10-04/2010-10-10,8,8.0,8.0,25.52,3.19,4.0,0,0,1,2010-10-06,FROZEN PIZZA,PIZZA/PREMIUM,32.7 OZ,PRIVATE LABEL,MAINSTREAM,32943,KY,0.81,tpr_only
31254742835,2523,2009-01-12/2009-01-18,1,1.0,1.0,5.19,5.19,5.19,0,0,0,2009-01-14,ORAL HYGIENE PRODUCTS,MOUTHWASHES (ANTISEPTIC),1 LT,WARNER,VALUE,34373,TX,0.0,baseline
2840004770,17627,2010-02-08/2010-02-14,26,26.0,26.0,75.14,2.89,2.89,0,0,0,2010-02-10,BAG SNACKS,PRETZELS,16 OZ,FRITO LAY,MAINSTREAM,59213,TX,0.0,baseline
88491212971,28909,2010-11-22/2010-11-28,29,29.0,29.0,83.52,2.88,2.88,0,0,0,2010-11-24,COLD CEREAL,KIDS CEREAL,11 OZ,POST FOODS,MAINSTREAM,85876,OH,0.0,baseline
7797508004,28909,2010-09-20/2010-09-26,23,23.0,23.0,68.77000000000001,2.9900000000000007,2.9900000000000007,0,1,0,2010-09-22,BAG SNACKS,PRETZELS,16 OZ,SNYDER S,MAINSTREAM,85876,OH,0.0,display
1111087396,25229,2009-11-09/2009-11-15,11,11.0,11.0,36.63,3.33,3.33,0,0,0,2009-11-11,FROZEN PIZZA,PIZZA/PREMIUM,30.5 OZ,PRIVATE LABEL,MAINSTREAM,59241,TX,0.0,baseline
7192100339,11967,2010-12-06/2010-12-12,9,9.0,9.0,59.31,6.59,6.59,0,0,0,2010-12-08,FROZEN PIZZA,PIZZA/PREMIUM,28.3 OZ,TOMBSTONE,VALUE,25072,TX,0.0,baseline
1600027528,23075,2009-01-12/2009-01-18,25,25.0,25.0,110.25,4.41,4.41,0,0,0,2009-01-14,COLD CEREAL,ALL FAMILY CEREAL,18 OZ,GENERAL MI,MAINSTREAM,51105,OH,0.0,baseline
1600027564,21227,2009-09-14/2009-09-20,61,61.0,61.0,157.98999999999998,2.59,3.18,0,0,1,2009-09-16,COLD CEREAL,ALL FAMILY CEREAL,12 OZ,GENERAL MI,UPSCALE,85710,OH,0.5900000000000003,tpr_only
3800039118,21479,2009-08-24/2009-08-30,17,17.0,17.0,48.28,2.84,2.84,0,0,0,2009-08-26,COLD CEREAL,KIDS CEREAL,12.2 OZ,KELLOGG,VALUE,49104,TX,0.0,baseline
2066200530,13859,2010-09-27/2010-10-03,6,6.0,6.0,35.94,5.989999999999999,5.989999999999999,0,0,0,2010-09-29,FROZEN PIZZA,PIZZA/PREMIUM,13.2 OZ,KING,MAINSTREAM,47824,TX,0.0,baseline
7218063983,21227,2009-08-10/2009-08-16,5,5.0,5.0,31.9,6.38,6.38,0,0,0,2009-08-12,FROZEN PIZZA,PIZZA/PREMIUM,26.11 OZ,TONYS,UPSCALE,85710,OH,0.0,baseline
1111087398,4521,2009-03-02/2009-03-08,7,7.0,7.0,23.38,3.34,3.34,0,0,0,2009-03-04,FROZEN PIZZA,PIZZA/PREMIUM,29.6 OZ,PRIVATE LABEL,MAINSTREAM,34628,TX,0.0,baseline
88491201426,15765,2009-11-02/2009-11-08,20,20.0,20.0,67.4,3.37,3.37,0,0,0,2009-11-04,COLD CEREAL,ADULT CEREAL,18 OZ,POST FOODS,MAINSTREAM,49068,TX,0.0,baseline
3000006340,24991,2010-10-04/2010-10-10,16,16.0,16.0,62.88,3.93,4.09,0,1,0,2010-10-06,COLD CEREAL,ALL FAMILY CEREAL,13 OZ,QUAKER,UPSCALE,77730,OH,0.1599999999999997,display
7797508006,24991,2009-02-09/2009-02-15,11,11.0,11.0,32.89,2.99,2.99,0,0,0,2009-02-11,BAG SNACKS,PRETZELS,16 OZ,SNYDER S,UPSCALE,77730,OH,0.0,baseline
4116709565,21227,2010-06-28/2010-07-04,2,2.0,2.0,9.98,4.99,4.99,0,0,0,2010-06-30,ORAL HYGIENE PRODUCTS,MOUTHWASHES (ANTISEPTIC),532 ML,CHATTEM,UPSCALE,85710,OH,0.0,baseline
3800031838,28909,2011-04-25/2011-05-01,14,14.0,14.0,45.919999999999995,3.28,3.28,0,0,0,2011-04-27,COLD CEREAL,KIDS CEREAL,15 OZ,KELLOGG,MAINSTREAM,85876,OH,0.0,baseline
2066200530,19265,2010-11-08/2010-11-14,8,8.0,8.0,47.92,5.99,5.99,0,0,0,2010-11-10,FROZEN PIZZA,PIZZA/PREMIUM,13.2 OZ,KING,MAINSTREAM,55685,KY,0.0,baseline
3000006340,4245,2009-12-14/2009-12-20,13,13.0,13.0,38.61,2.9699999999999998,2.9699999999999998,0,0,0,2009-12-16,COLD CEREAL,ALL FAMILY CEREAL,13 OZ,QUAKER,MAINSTREAM,58563,IN,0.0,baseline
3000006560,13609,2010-11-08/2010-11-14,116,116.0,116.0,230.84,1.99,2.59,1,1,0,2010-11-10,COLD CEREAL,KIDS CEREAL,13 OZ,QUAKER,MAINSTREAM,55663,OH,0.5999999999999999,feature+display
1600027527,11967,2010-10-25/2010-10-31,26,26.0,26.0,65.0,2.5,2.5,0,0,0,2010-10-27,COLD CEREAL,ALL FAMILY CEREAL,12.25 OZ,GENERAL MI,VALUE,25072,TX,0.0,baseline
7192100339,26983,2011-10-24/2011-10-30,15,15.0,15.0,87.0,5.8,5.8,0,0,0,2011-10-26,FROZEN PIZZA,PIZZA/PREMIUM,28.3 OZ,TOMBSTONE,VALUE,48782,OH,0.0,baseline
3000006560,11761,2010-06-21/2010-06-27,29,29.0,29.0,75.11,2.59,2.59,0,0,0,2010-06-23,COLD CEREAL,KIDS CEREAL,13 OZ,QUAKER,UPSCALE,53905,OH,0.0,baseline
3700044982,25253,2010-03-22/2010-03-28,4,4.0,4.0,17.96,4.49,5.69,0,0,1,2010-03-24,ORAL HYGIENE PRODUCTS,MOUTHWASHES (ANTISEPTIC),1 LT,P & G,MAINSTREAM,33931,TX,1.2000000000000002,tpr_only
7192100337,23327,2010-11-29/2010-12-05,7,7.0,7.0,39.620000000000005,5.660000000000001,6.589999999999999,1,0,0,2010-12-01,FROZEN PIZZA,PIZZA/PREMIUM,32.7 OZ,TOMBSTONE,MAINSTREAM,50722,TX,0.9299999999999997,feature
3800031829,6179,2009-09-21/2009-09-27,51,51.0,51.0,167.79,3.29,3.29,0,0,0,2009-09-23,COLD CEREAL,ALL FAMILY CEREAL,18 OZ,KELLOGG,UPSCALE,54448,OH,0.0,baseline
31254742735,8035,2009-04-20/2009-04-26,1,1.0,1.0,4.99,4.99,4.99,0,0,0,2009-04-22,ORAL HYGIENE PRODUCTS,MOUTHWASHES (ANTISEPTIC),1 LT,WARNER,VALUE,10788,OH,0.0,baseline
1600027527,15763,2010-04-05/2010-04-11,46,46.0,46.0,126.96,2.76,2.76,0,0,0,2010-04-07,COLD CEREAL,ALL FAMILY CEREAL,12.25 OZ,GENERAL MI,UPSCALE,47530,TX,0.0,baseline
3800039118,26983,2011-04-11/2011-04-17,75,75.0,75.0,248.25,3.31,3.31,0,0,0,2011-04-13,COLD CEREAL,KIDS CEREAL,12.2 OZ,KELLOGG,VALUE,48782,OH,0.0,baseline
7027316204,6179,2011-03-21/2011-03-27,23,23.0,23.0,46.0,2.0,2.0,0,0,0,2011-03-23,BAG SNACKS,PRETZELS,16 OZ,SHULTZ,UPSCALE,54448,OH,0.0,baseline
1600027528,6187,2011-03-07/2011-03-13,29,29.0,29.0,138.91,4.79,4.79,0,0,0,2011-03-09,COLD CEREAL,ALL FAMILY CEREAL,18 OZ,GENERAL MI,MAINSTREAM,55474,OH,0.0,baseline
1111085319,2541,2009-12-07/2009-12-13,7,7.0,7.0,12.11,1.73,1.73,0,0,0,2009-12-09,COLD CEREAL,ALL FAMILY CEREAL,12.25 OZ,PRIVATE LABEL,MAINSTREAM,29231,TX,0.0,baseline
7218063983,24991,2011-04-11/2011-04-17,13,13.0,13.0,92.17,7.09,7.09,0,0,0,2011-04-13,FROZEN PIZZA,PIZZA/PREMIUM,26.11 OZ,TONYS,UPSCALE,77730,OH,0.0,baseline
7110410470,26973,2009-10-12/2009-10-18,10,10.0,10.0,20.0,2.0,2.64,0,0,1,2009-10-14,BAG SNACKS,PRETZELS,16 OZ,MKSL,MAINSTREAM,48128,OH,0.6400000000000001,tpr_only
3800031838,4245,2011-09-12/2011-09-18,32,32.0,32.0,103.36,3.23,3.23,0,0,0,2011-09-14,COLD CEREAL,KIDS CEREAL,15 OZ,KELLOGG,MAINSTREAM,58563,IN,0.0,baseline
3700031613,4259,2009-07-06/2009-07-12,3,3.0,3.0,12.57,4.19,4.69,0,1,0,2009-07-08,ORAL HYGIENE PRODUCTS,MOUTHWASH/RINSES AND SPRAYS,1 LT,P & G,VALUE,48813,OH,0.5,display
7218063983,29159,2011-05-02/2011-05-08,4,4.0,4.0,29.96,7.49,7.49,0,0,0,2011-05-04,FROZEN PIZZA,PIZZA/PREMIUM,26.11 OZ,TONYS,MAINSTREAM,54927,TX,0.0,baseline
3800031838,6431,2011-10-17/2011-10-23,40,40.0,40.0,119.60000000000001,2.99,2.99,0,0,0,2011-10-19,COLD CEREAL,KIDS CEREAL,15 OZ,KELLOGG,VALUE,43698,TX,0.0,baseline
88491201427,15765,2010-10-18/2010-10-24,28,28.0,28.0,81.2,2.9,2.9,0,0,0,2010-10-20,COLD CEREAL,ADULT CEREAL,18 OZ,POST FOODS,MAINSTREAM,49068,TX,0.0,baseline
7192100337,11761,2011-08-15/2011-08-21,19,19.0,19.0,107.16,5.64,6.59,1,1,0,2011-08-17,FROZEN PIZZA,PIZZA/PREMIUM,32.7 OZ,TOMBSTONE,UPSCALE,53905,OH,0.9500000000000002,feature+display
1600027528,23061,2011-03-21/2011-03-27,25,25.0,25.0,119.75,4.79,4.79,0,0,0,2011-03-23,COLD CEREAL,ALL FAMILY CEREAL,18 OZ,GENERAL MI,MAINSTREAM,42437,OH,0.0,baseline
4116709428,27175,2010-04-12/2010-04-18,1,1.0,1.0,4.59,4.59,4.59,0,0,0,2010-04-14,ORAL HYGIENE PRODUCTS,MOUTHWASH/RINSES AND SPRAYS,532 ML,CHATTEM,UPSCALE,50224,TX,0.0,baseline
1600027528,21485,2011-12-19/2011-12-25,3,3.0,3.0,13.049999999999999,4.35,4.35,0,0,0,2011-12-21,COLD CEREAL,ALL FAMILY CEREAL,18 OZ,GENERAL MI,MAINSTREAM,46369,TX,0.0,baseline
1111009497,19265,2011-08-08/2011-08-14,35,35.0,35.0,53.9,1.54,1.54,0,1,0,2011-08-10,BAG SNACKS,PRETZELS,15 OZ,PRIVATE LABEL,MAINSTREAM,55685,KY,0.0,display
2840002333,23067,2009-02-16/2009-02-22,11,11.0,11.0,27.39,2.49,2.89,0,0,1,2009-02-18,BAG SNACKS,PRETZELS,10 OZ,FRITO LAY,MAINSTREAM,37319,OH,0.3999999999999999,tpr_only
1111009507,28909,2010-01-04/2010-01-10,45,45.0,45.0,55.8,1.24,1.5,1,0,0,2010-01-06,BAG SNACKS,PRETZELS,15 OZ,PRIVATE LABEL,MAINSTREAM,85876,OH,0.26,feature
3800031838,2523,2011-01-03/2011-01-09,23,23.0,23.0,76.13,3.3099999999999996,3.3099999999999996,0,0,0,2011-01-05,COLD CEREAL,KIDS CEREAL,15 OZ,KELLOGG,VALUE,34373,TX,0.0,baseline
7218063979,2495,2011-09-12/2011-09-18,4,4.0,4.0,29.96,7.49,7.49,0,0,0,2011-09-14,FROZEN PIZZA,PIZZA/PREMIUM,27.35 OZ,TONYS,MAINSTREAM,48462,TX,0.0,baseline
2840004768,25233,2010-01-04/2010-01-10,7,7.0,7.0,20.23,2.89,2.89,0,0,0,2010-01-06,BAG SNACKS,PRETZELS,16 OZ,FRITO LAY,VALUE,46369,TX,0.0,baseline
3000006340,8263,2009-07-20/2009-07-26,16,16.0,16.0,40.0,2.5,2.5,0,0,0,2009-07-22,COLD CEREAL,ALL FAMILY CEREAL,13 OZ,QUAKER,UPSCALE,51055,TX,0.0,baseline
7192100337,6187,2009-10-05/2009-10-11,52,52.0,52.0,235.03999999999996,4.52,6.99,0,0,1,2009-10-07,FROZEN PIZZA,PIZZA/PREMIUM,32.7 OZ,TOMBSTONE,MAINSTREAM,55474,OH,2.4700000000000006,tpr_only
2840004768,11761,2011-06-27/2011-07-03,25,25.0,25.0,74.75,2.99,2.99,0,1,0,2011-06-29,BAG SNACKS,PRETZELS,16 OZ,FRITO LAY,UPSCALE,53905,OH,0.0,display
7218063052,17599,2009-10-05/2009-10-11,6,6.0,6.0,38.94,6.489999999999999,6.489999999999999,0,0,0,2009-10-07,FROZEN PIZZA,PIZZA/PREMIUM,22.7 OZ,TONYS,VALUE,36994,TX,0.0,baseline
1600027527,6179,2010-11-15/2010-11-21,34,34.0,34.0,97.58,2.87,2.87,0,0,0,2010-11-17,COLD CEREAL,ALL FAMILY CEREAL,12.25 OZ,GENERAL MI,UPSCALE,54448,OH,0.0,baseline
4116709428,21237,2010-06-07/2010-06-13,3,3.0,3.0,13.77,4.59,4.59,0,0,0,2010-06-09,ORAL HYGIENE PRODUCTS,MOUTHWASH/RINSES AND SPRAYS,532 ML,CHATTEM,MAINSTREAM,86517,OH,0.0,baseline
31254742725,23055,2010-04-19/2010-04-25,3,3.0,3.0,11.97,3.99,3.99,0,0,0,2010-04-21,ORAL HYGIENE PRODUCTS,MOUTHWASHES (ANTISEPTIC),500 ML,WARNER,VALUE,22920,OH,0.0,baseline
7192100336,2279,2010-06-28/2010-07-04,4,4.0,4.0,27.96,6.99,6.99,0,0,0,2010-06-30,FROZEN PIZZA,PIZZA/PREMIUM,29.8 OZ,TOMBSTONE,MAINSTREAM,44175,OH,0.0,baseline
1600027564,27175,2011-07-04/2011-07-10,116,116.0,116.0,267.96,2.3099999999999996,3.35,1,1,0,2011-07-06,COLD CEREAL,ALL FAMILY CEREAL,12 OZ,GENERAL MI,UPSCALE,50224,TX,1.04,feature+display
1111035398,25001,2009-08-03/2009-08-09,3,3.0,3.0,9.0,3.0,3.0,0,0,0,2009-08-05,ORAL HYGIENE PRODUCTS,MOUTHWASHES (ANTISEPTIC),1.5 LT,PRIVATE LABEL,VALUE,34177,OH,0.0,baseline
1111085319,27175,2009-10-05/2009-10-11,12,12.0,12.0,22.44,1.87,1.87,0,0,0,2009-10-07,COLD CEREAL,ALL FAMILY CEREAL,12.25 OZ,PRIVATE LABEL,UPSCALE,50224,TX,0.0,baseline
7218063983,23345,2009-06-22/2009-06-28,3,3.0,3.0,19.080000000000002,6.36,6.36,0,0,0,2009-06-24,FROZEN PIZZA,PIZZA/PREMIUM,26.11 OZ,TONYS,UPSCALE,46369,TX,0.0,baseline
1600027564,15541,2010-07-05/2010-07-11,15,15.0,15.0,44.7,2.98,2.98,0,0,0,2010-07-07,COLD CEREAL,ALL FAMILY CEREAL,12 OZ,GENERAL MI,MAINSTREAM,38858,OH,0.0,baseline
7192100336,10019,2011-05-02/2011-05-08,19,19.0,19.0,95.0,5.0,6.75,1,1,0,2011-05-04,FROZEN PIZZA,PIZZA/PREMIUM,29.8 OZ,TOMBSTONE,VALUE,35675,TX,1.75,feature+display
31254742735,623,2009-07-06/2009-07-12,4,4.0,4.0,20.76,5.19,5.19,0,0,0,2009-07-08,ORAL HYGIENE PRODUCTS,MOUTHWASHES (ANTISEPTIC),1 LT,WARNER,MAINSTREAM,46930,TX,0.0,baseline
4116709428,27175,2009-06-15/2009-06-21,1,1.0,1.0,4.99,4.99,4.99,0,0,0,2009-06-17,ORAL HYGIENE PRODUCTS,MOUTHWASH/RINSES AND SPRAYS,532 ML,CHATTEM,UPSCALE,50224,TX,0.0,baseline
4116709428,2513,2011-01-24/2011-01-30,5,5.0,5.0,19.950000000000003,3.9900000000000007,3.9900000000000007,0,0,0,2011-01-26,ORAL HYGIENE PRODUCTS,MOUTHWASH/RINSES AND SPRAYS,532 ML,CHATTEM,UPSCALE,61833,TX,0.0,baseline
2840004768,4245,2011-05-16/2011-05-22,17,17.0,17.0,42.330000000000005,2.49,2.99,0,0,1,2011-05-18,BAG SNACKS,PRETZELS,16 OZ,FRITO LAY,MAINSTREAM,58563,IN,0.5,tpr_only
7797508004,26981,2009-03-02/2009-03-08,4,4.0,4.0,11.96,2.99,2.99,0,0,0,2009-03-04,BAG SNACKS,PRETZELS,16 OZ,SNYDER S,MAINSTREAM,42081,OH,0.0,baseline
88491201427,25001,2010-03-01/2010-03-07,31,31.0,31.0,98.27,3.17,3.17,0,0,0,2010-03-03,COLD CEREAL,ADULT CEREAL,18 OZ,POST FOODS,VALUE,34177,OH,0.0,baseline
88491201427,2541,2010-01-04/2010-01-10,13,13.0,13.0,43.81,3.37,3.37,0,0,0,2010-01-06,COLD CEREAL,ADULT CEREAL,18 OZ,POST FOODS,MAINSTREAM,29231,TX,0.0,baseline
1111035398,13853,2009-10-05/2009-10-11,3,3.0,3.0,8.879999999999999,2.9599999999999995,2.9599999999999995,0,0,0,2009-10-07,ORAL HYGIENE PRODUCTS,MOUTHWASHES (ANTISEPTIC),1.5 LT,PRIVATE LABEL,MAINSTREAM,53586,TX,0.0,baseline
4116709565,11993,2010-02-22/2010-02-28,1,1.0,1.0,4.99,4.99,4.99,0,0,0,2010-02-24,ORAL HYGIENE PRODUCTS,MOUTHWASHES (ANTISEPTIC),532 ML,CHATTEM,UPSCALE,57741,TX,0.0,baseline
7110410455,2277,2010-04-12/2010-04-18,21,21.0,21.0,52.290000000000006,2.49,2.49,0,0,0,2010-04-14,BAG SNACKS,PRETZELS,16 OZ,MKSL,UPSCALE,81958,OH,0.0,baseline
31254742725,13609,2010-05-24/2010-05-30,4,4.0,4.0,15.96,3.99,3.99,0,0,0,2010-05-26,ORAL HYGIENE PRODUCTS,MOUTHWASHES (ANTISEPTIC),500 ML,WARNER,MAINSTREAM,55663,OH,0.0,baseline
7797508004,25229,2010-09-27/2010-10-03,7,7.0,7.0,20.93,2.9899999999999998,2.9899999999999998,0,0,0,2010-09-29,BAG SNACKS,PRETZELS,16 OZ,SNYDER S,MAINSTREAM,59241,TX,0.0,baseline
4116709448,17599,2011-09-12/2011-09-18,4,4.0,4.0,16.56,4.14,4.14,0,0,0,2011-09-14,ORAL HYGIENE PRODUCTS,MOUTHWASH/RINSES AND SPRAYS,532 ML,CHATTEM,VALUE,36994,TX,0.0,baseline
1111085319,21213,2011-10-10/2011-10-16,23,23.0,23.0,45.77,1.9900000000000002,1.9900000000000002,0,0,0,2011-10-12,COLD CEREAL,ALL FAMILY CEREAL,12.25 OZ,PRIVATE LABEL,MAINSTREAM,46630,OH,0.0,baseline
1600027564,13827,2010-12-27/2011-01-02,5,5.0,5.0,9.85,1.97,3.5,0,0,1,2010-12-29,COLD CEREAL,ALL FAMILY CEREAL,12 OZ,GENERAL MI,MAINSTREAM,50766,TX,1.53,tpr_only
7218063052,25021,2009-08-03/2009-08-09,4,4.0,4.0,25.52,6.38,6.38,0,0,0,2009-08-05,FROZEN PIZZA,PIZZA/PREMIUM,22.7 OZ,TONYS,VALUE,62961,OH,0.0,baseline
4116709565,25261,2011-03-21/2011-03-27,1,1.0,1.0,4.99,4.99,4.99,0,0,0,2011-03-23,ORAL HYGIENE PRODUCTS,MOUTHWASHES (ANTISEPTIC),532 ML,CHATTEM,MAINSTREAM,46368,TX,0.0,baseline
2840004768,23061,2010-11-29/2010-12-05,17,17.0,17.0,50.830000000000005,2.99,2.99,0,0,0,2010-12-01,BAG SNACKS,PRETZELS,16 OZ,FRITO LAY,MAINSTREAM,42437,OH,0.0,baseline
3700031613,24991,2010-06-14/2010-06-20,9,9.0,9.0,36.089999999999996,4.01,4.01,0,0,0,2010-06-16,ORAL HYGIENE PRODUCTS,MOUTHWASH/RINSES AND SPRAYS,1 LT,P & G,UPSCALE,77730,OH,0.0,baseline
1111038078,4245,2009-05-04/2009-05-10,6,6.0,6.0,6.0,1.0,2.59,0,0,1,2009-05-06,ORAL HYGIENE PRODUCTS,MOUTHWASHES (ANTISEPTIC),500 ML,PRIVATE LABEL,MAINSTREAM,58563,IN,1.5899999999999999,tpr_only
1600027564,25261,2010-02-22/2010-02-28,26,26.0,26.0,46.02,1.77,3.29,0,0,1,2010-02-24,COLD CEREAL,ALL FAMILY CEREAL,12 OZ,GENERAL MI,MAINSTREAM,46368,TX,1.52,tpr_only
1111038078,2279,2010-12-13/2010-12-19,10,10.0,10.0,9.8,0.9800000000000001,1.58,0,0,1,2010-12-15,ORAL HYGIENE PRODUCTS,MOUTHWASHES (ANTISEPTIC),500 ML,PRIVATE LABEL,MAINSTREAM,44175,OH,0.6000000000000001,tpr_only
7797508006,25253,2009-08-10/2009-08-16,4,4.0,4.0,11.96,2.99,2.99,0,1,0,2009-08-12,BAG SNACKS,PRETZELS,16 OZ,SNYDER S,MAINSTREAM,33931,TX,0.0,display
7797502248,23067,2011-01-24/2011-01-30,6,6.0,6.0,14.940000000000001,2.49,2.49,0,0,0,2011-01-26,BAG SNACKS,PRETZELS,10 OZ,SNYDER S,MAINSTREAM,37319,OH,0.0,baseline
3700019521,19523,2009-03-09/2009-03-15,1,1.0,1.0,2.5,2.5,2.5,0,0,0,2009-03-11,ORAL HYGIENE PRODUCTS,MOUTHWASH/RINSES AND SPRAYS,4.2 OZ,P & G,VALUE,48594,TX,0.0,baseline
1111085350,21479,2011-10-10/2011-10-16,31,31.0,31.0,65.72,2.12,2.12,0,0,0,2011-10-12,COLD CEREAL,ALL FAMILY CEREAL,18 OZ,PRIVATE LABEL,VALUE,49104,TX,0.0,baseline
1111009477,8035,2009-11-09/2009-11-15,5,5.0,5.0,7.5,1.5,1.5,0,0,0,2009-11-11,BAG SNACKS,PRETZELS,15 OZ,PRIVATE LABEL,VALUE,10788,OH,0.0,baseline
3700044982,389,2011-12-19/2011-12-25,2,2.0,2.0,10.46,5.23,5.23,0,0,0,2011-12-21,ORAL HYGIENE PRODUCTS,MOUTHWASHES (ANTISEPTIC),1 LT,P & G,MAINSTREAM,46073,KY,0.0,baseline
7192100337,21227,2010-07-19/2010-07-25,14,14.0,14.0,97.86,6.99,6.99,0,0,0,2010-07-21,FROZEN PIZZA,PIZZA/PREMIUM,32.7 OZ,TOMBSTONE,UPSCALE,85710,OH,0.0,baseline
7027316204,15531,2009-07-27/2009-08-02,7,7.0,7.0,13.16,1.8800000000000001,1.8800000000000001,0,0,0,2009-07-29,BAG SNACKS,PRETZELS,16 OZ,SHULTZ,VALUE,33667,OH,0.0,baseline
1111085350,2523,2011-09-05/2011-09-11,16,16.0,16.0,38.08,2.38,2.38,0,0,0,2011-09-07,COLD CEREAL,ALL FAMILY CEREAL,18 OZ,PRIVATE LABEL,VALUE,34373,TX,0.0,baseline
1111085319,4259,2011-06-27/2011-07-03,26,26.0,26.0,51.48,1.98,1.98,0,0,0,2011-06-29,COLD CEREAL,ALL FAMILY CEREAL,12.25 OZ,PRIVATE LABEL,VALUE,48813,OH,0.0,baseline
1111035398,13853,2011-08-22/2011-08-28,5,5.0,5.0,14.350000000000001,2.87,2.87,0,0,0,2011-08-24,ORAL HYGIENE PRODUCTS,MOUTHWASHES (ANTISEPTIC),1.5 LT,PRIVATE LABEL,MAINSTREAM,53586,TX,0.0,baseline
1600027527,23067,2010-09-06/2010-09-12,31,31.0,31.0,87.42,2.82,2.82,0,0,0,2010-09-08,COLD CEREAL,ALL FAMILY CEREAL,12.25 OZ,GENERAL MI,MAINSTREAM,37319,OH,0.0,baseline
2840004770,17627,2011-02-14/2011-02-20,30,30.0,30.0,65.4,2.18,2.89,0,0,1,2011-02-16,BAG SNACKS,PRETZELS,16 OZ,FRITO LAY,MAINSTREAM,59213,TX,0.71,tpr_only
3800031838,6179,2010-06-21/2010-06-27,45,45.0,45.0,112.94999999999999,2.51,2.78,0,1,0,2010-06-23,COLD CEREAL,KIDS CEREAL,15 OZ,KELLOGG,UPSCALE,54448,OH,0.27,display
7218063979,21213,2011-10-17/2011-10-23,1,1.0,1.0,7.49,7.49,7.49,0,0,0,2011-10-19,FROZEN PIZZA,PIZZA/PREMIUM,27.35 OZ,TONYS,MAINSTREAM,46630,OH,0.0,baseline
2840004768,21221,2011-05-02/2011-05-08,3,3.0,3.0,8.97,2.99,2.99,0,1,0,2011-05-04,BAG SNACKS,PRETZELS,16 OZ,FRITO LAY,VALUE,48128,OH,0.0,display
7797508004,389,2010-12-20/2010-12-26,16,16.0,16.0,47.84,2.99,2.99,0,0,0,2010-12-22,BAG SNACKS,PRETZELS,16 OZ,SNYDER S,MAINSTREAM,46073,KY,0.0,baseline
1600027528,2277,2011-02-07/2011-02-13,82,82.0,82.0,375.56,4.58,4.58,0,0,0,2011-02-09,COLD CEREAL,ALL FAMILY CEREAL,18 OZ,GENERAL MI,UPSCALE,81958,OH,0.0,baseline
4116709565,387,2010-09-06/2010-09-12,2,2.0,2.0,9.98,4.99,4.99,0,0,0,2010-09-08,ORAL HYGIENE PRODUCTS,MOUTHWASHES (ANTISEPTIC),532 ML,CHATTEM,UPSCALE,44547,OH,0.0,baseline
88491212971,28909,2010-03-08/2010-03-14,25,25.0,25.0,65.0,2.6,2.6,0,0,0,2010-03-10,COLD CEREAL,KIDS CEREAL,11 OZ,POST FOODS,MAINSTREAM,85876,OH,0.0,baseline
2840002333,13609,2009-01-26/2009-02-01,14,14.0,14.0,35.0,2.5,2.89,0,0,1,2009-01-28,BAG SNACKS,PRETZELS,10 OZ,FRITO LAY,MAINSTREAM,55663,OH,0.3900000000000001,tpr_only
7797508004,23075,2011-12-05/2011-12-11,17,17.0,17.0,42.330000000000005,2.49,3.29,0,0,1,2011-12-07,BAG SNACKS,PRETZELS,16 OZ,SNYDER S,MAINSTREAM,51105,OH,0.7999999999999998,tpr_only
1600027528,367,2010-06-07/2010-06-13,22,22.0,22.0,100.97999999999999,4.59,4.59,0,0,0,2010-06-09,COLD CEREAL,ALL FAMILY CEREAL,18 OZ,GENERAL MI,VALUE,24721,KY,0.0,baseline
2840004770,21221,2011-10-03/2011-10-09,3,3.0,3.0,9.870000000000001,3.2900000000000005,3.2900000000000005,0,0,0,2011-10-05,BAG SNACKS,PRETZELS,16 OZ,FRITO LAY,VALUE,48128,OH,0.0,baseline
7192100336,389,2010-08-16/2010-08-22,49,49.0,49.0,248.43,5.07,6.99,1,0,0,2010-08-18,FROZEN PIZZA,PIZZA/PREMIUM,29.8 OZ,TOMBSTONE,MAINSTREAM,46073,KY,1.92,feature
7797508006,19523,2011-04-25/2011-05-01,1,1.0,1.0,2.99,2.99,2.99,0,0,0,2011-04-27,BAG SNACKS,PRETZELS,16 OZ,SNYDER S,VALUE,48594,TX,0.0,baseline
7797508004,11761,2011-02-28/2011-03-06,44,44.0,44.0,110.0,2.5,2.99,0,1,0,2011-03-02,BAG SNACKS,PRETZELS,16 OZ,SNYDER S,UPSCALE,53905,OH,0.4900000000000002,display
4116709448,2277,2010-11-01/2010-11-07,4,4.0,4.0,18.36,4.59,4.59,0,0,0,2010-11-03,ORAL HYGIENE PRODUCTS,MOUTHWASH/RINSES AND SPRAYS,532 ML,CHATTEM,UPSCALE,81958,OH,0.0,baseline
7192100337,10019,2011-01-24/2011-01-30,5,5.0,5.0,32.95,6.590000000000001,6.590000000000001,0,0,0,2011-01-26,FROZEN PIZZA,PIZZA/PREMIUM,32.7 OZ,TOMBSTONE,VALUE,35675,TX,0.0,baseline
7192100336,2505,2011-02-07/2011-02-13,29,29.0,29.0,144.71,4.99,6.59,1,1,0,2011-02-09,FROZEN PIZZA,PIZZA/PREMIUM,29.8 OZ,TOMBSTONE,MAINSTREAM,41644,TX,1.5999999999999996,feature+display
2066200531,2513,2011-10-17/2011-10-23,11,11.0,11.0,65.89,5.99,5.99,0,0,0,2011-10-19,FROZEN PIZZA,PIZZA/PREMIUM,13.3 OZ,KING,UPSCALE,61833,TX,0.0,baseline
1111087396,19523,2010-02-15/2010-02-21,8,8.0,8.0,26.08,3.26,3.26,0,0,0,2010-02-17,FROZEN PIZZA,PIZZA/PREMIUM,30.5 OZ,PRIVATE LABEL,VALUE,48594,TX,0.0,baseline
1111087396,2277,2011-07-04/2011-07-10,13,13.0,13.0,45.370000000000005,3.49,5.11,0,0,1,2011-07-06,FROZEN PIZZA,PIZZA/PREMIUM,30.5 OZ,PRIVATE LABEL,UPSCALE,81958,OH,1.62,tpr_only
3000006340,2505,2009-02-23/2009-03-01,3,3.0,3.0,8.129999999999999,2.7099999999999995,2.7099999999999995,0,0,0,2009-02-25,COLD CEREAL,ALL FAMILY CEREAL,13 OZ,QUAKER,MAINSTREAM,41644,TX,0.0,baseline
31254742835,26981,2011-02-14/2011-02-20,2,2.0,2.0,9.3,4.65,4.65,0,0,0,2011-02-16,ORAL HYGIENE PRODUCTS,MOUTHWASHES (ANTISEPTIC),1 LT,WARNER,MAINSTREAM,42081,OH,0.0,baseline
88491201426,4503,2011-06-20/2011-06-26,46,46.0,46.0,160.54000000000002,3.4900000000000007,3.4900000000000007,0,0,0,2011-06-22,COLD CEREAL,ADULT CEREAL,18 OZ,POST FOODS,MAINSTREAM,56230,TX,0.0,baseline
1600027564,15763,2009-06-01/2009-06-07,24,24.0,24.0,66.0,2.75,3.14,0,0,1,2009-06-03,COLD CEREAL,ALL FAMILY CEREAL,12 OZ,GENERAL MI,UPSCALE,47530,TX,0.3900000000000001,tpr_only
1600027528,389,2009-02-16/2009-02-22,108,108.0,108.0,274.32,2.54,4.59,0,0,1,2009-02-18,COLD CEREAL,ALL FAMILY CEREAL,18 OZ,GENERAL MI,MAINSTREAM,46073,KY,2.05,tpr_only
31254742835,10019,2009-07-20/2009-07-26,1,1.0,1.0,5.19,5.19,5.19,0,0,0,2009-07-22,ORAL HYGIENE PRODUCTS,MOUTHWASHES (ANTISEPTIC),1 LT,WARNER,VALUE,35675,TX,0.0,baseline
3000006610,6187,2009-11-16/2009-11-22,37,37.0,37.0,92.5,2.5,2.59,1,1,0,2009-11-18,COLD CEREAL,KIDS CEREAL,14 OZ,QUAKER,MAINSTREAM,55474,OH,0.08999999999999986,feature+display
1600027564,23061,2010-11-08/2010-11-14,23,23.0,23.0,73.37,3.1900000000000004,3.1900000000000004,0,0,0,2010-11-10,COLD CEREAL,ALL FAMILY CEREAL,12 OZ,GENERAL MI,MAINSTREAM,42437,OH,0.0,baseline
3800031829,13837,2009-02-02/2009-02-08,23,23.0,23.0,66.24,2.88,2.88,0,0,0,2009-02-04,COLD CEREAL,ALL FAMILY CEREAL,18 OZ,KELLOGG,MAINSTREAM,49164,TX,0.0,baseline
1111009477,13837,2009-01-26/2009-02-01,66,66.0,66.0,65.34,0.9900000000000001,1.1,0,1,0,2009-01-28,BAG SNACKS,PRETZELS,15 OZ,PRIVATE LABEL,MAINSTREAM,49164,TX,0.1100000000000001,display
88491201426,13853,2010-07-12/2010-07-18,20,20.0,20.0,63.8,3.19,3.19,0,0,0,2010-07-14,COLD CEREAL,ADULT CEREAL,18 OZ,POST FOODS,MAINSTREAM,53586,TX,0.0,baseline
1111009497,15531,2010-10-04/2010-10-10,22,22.0,22.0,32.78,1.49,1.49,0,0,0,2010-10-06,BAG SNACKS,PRETZELS,15 OZ,PRIVATE LABEL,VALUE,33667,OH,0.0,baseline
1111009507,9825,2010-06-14/2010-06-20,56,56.0,56.0,83.44,1.49,1.49,0,0,0,2010-06-16,BAG SNACKS,PRETZELS,15 OZ,PRIVATE LABEL,MAINSTREAM,54124,OH,0.0,baseline
1111009477,2513,2011-01-24/2011-01-30,36,36.0,36.0,33.839999999999996,0.94,1.22,0,1,0,2011-01-26,BAG SNACKS,PRETZELS,15 OZ,PRIVATE LABEL,UPSCALE,61833,TX,0.28,display
7110410471,21213,2009-11-02/2009-11-08,5,5.0,5.0,11.200000000000001,2.24,2.5,0,0,1,2009-11-04,BAG SNACKS,PRETZELS,16 OZ,MKSL,MAINSTREAM,46630,OH,0.2599999999999998,tpr_only
4116709448,11967,2009-07-13/2009-07-19,1,1.0,1.0,4.99,4.99,4.99,0,0,0,2009-07-15,ORAL HYGIENE PRODUCTS,MOUTHWASH/RINSES AND SPRAYS,532 ML,CHATTEM,VALUE,25072,TX,0.0,baseline
1600027527,367,2009-07-27/2009-08-02,5,5.0,5.0,15.95,3.19,3.19,0,0,0,2009-07-29,COLD CEREAL,ALL FAMILY CEREAL,12.25 OZ,GENERAL MI,VALUE,24721,KY,0.0,baseline
1111085350,15547,2011-05-23/2011-05-29,75,75.0,75.0,147.0,1.96,2.38,1,1,0,2011-05-25,COLD CEREAL,ALL FAMILY CEREAL,18 OZ,PRIVATE LABEL,MAINSTREAM,48132,OH,0.41999999999999993,feature+display
7797502248,6179,2010-03-08/2010-03-14,38,38.0,38.0,83.60000000000001,2.2,2.49,0,1,0,2010-03-10,BAG SNACKS,PRETZELS,10 OZ,SNYDER S,UPSCALE,54448,OH,0.29000000000000004,display
7218063052,13853,2009-07-20/2009-07-26,7,7.0,7.0,48.02,6.86,6.86,0,0,0,2009-07-22,FROZEN PIZZA,PIZZA/PREMIUM,22.7 OZ,TONYS,MAINSTREAM,53586,TX,0.0,baseline
1600027527,8035,2009-09-07/2009-09-13,6,6.0,6.0,19.740000000000002,3.2900000000000005,3.2900000000000005,0,0,0,2009-09-09,COLD CEREAL,ALL FAMILY CEREAL,12.25 OZ,GENERAL MI,VALUE,10788,OH,0.0,baseline
7192100337,12011,2011-03-28/2011-04-03,16,16.0,16.0,78.08,4.88,6.59,1,0,0,2011-03-30,FROZEN PIZZA,PIZZA/PREMIUM,32.7 OZ,TOMBSTONE,MAINSTREAM,41325,TX,1.71,feature
2840004770,11761,2009-02-23/2009-03-01,24,24.0,24.0,59.760000000000005,2.49,2.89,0,0,1,2009-02-25,BAG SNACKS,PRETZELS,16 OZ,FRITO LAY,UPSCALE,53905,OH,0.3999999999999999,tpr_only
7192100336,12011,2011-05-30/2011-06-05,5,5.0,5.0,26.349999999999998,5.27,6.790000000000001,0,0,1,2011-06-01,FROZEN PIZZA,PIZZA/PREMIUM,29.8 OZ,TOMBSTONE,MAINSTREAM,41325,TX,1.5200000000000005,tpr_only
3000006560,24991,2011-04-18/2011-04-24,46,46.0,46.0,121.44000000000001,2.64,2.64,0,0,0,2011-04-20,COLD CEREAL,KIDS CEREAL,13 OZ,QUAKER,UPSCALE,77730,OH,0.0,baseline
1111085345,2505,2011-10-10/2011-10-16,24,24.0,24.0,37.2,1.55,1.55,0,0,0,2011-10-12,COLD CEREAL,ADULT CEREAL,20 OZ,PRIVATE LABEL,MAINSTREAM,41644,TX,0.0,baseline
7192100339,23061,2009-10-19/2009-10-25,8,8.0,8.0,55.92,6.99,6.99,0,0,0,2009-10-21,FROZEN PIZZA,PIZZA/PREMIUM,28.3 OZ,TOMBSTONE,MAINSTREAM,42437,OH,0.0,baseline
4116709448,2279,2009-12-07/2009-12-13,3,3.0,3.0,11.07,3.69,4.59,0,0,1,2009-12-09,ORAL HYGIENE PRODUCTS,MOUTHWASH/RINSES AND SPRAYS,532 ML,CHATTEM,MAINSTREAM,44175,OH,0.8999999999999999,tpr_only
7218063052,19265,2010-05-24/2010-05-30,2,2.0,2.0,12.58,6.29,6.29,0,0,0,2010-05-26,FROZEN PIZZA,PIZZA/PREMIUM,22.7 OZ,TONYS,MAINSTREAM,55685,KY,0.0,baseline
7192100339,25261,2010-11-08/2010-11-14,9,9.0,9.0,59.31,6.59,6.59,0,0,0,2010-11-10,FROZEN PIZZA,PIZZA/PREMIUM,28.3 OZ,TOMBSTONE,MAINSTREAM,46368,TX,0.0,baseline
3000006340,23067,2011-05-02/2011-05-08,5,5.0,5.0,16.45,3.29,3.29,0,0,0,2011-05-04,COLD CEREAL,ALL FAMILY CEREAL,13 OZ,QUAKER,MAINSTREAM,37319,OH,0.0,baseline
4116709448,2541,2011-04-18/2011-04-24,1,1.0,1.0,3.99,3.99,4.59,0,0,1,2011-04-20,ORAL HYGIENE PRODUCTS,MOUTHWASH/RINSES AND SPRAYS,532 ML,CHATTEM,MAINSTREAM,29231,TX,0.5999999999999996,tpr_only
1111038080,2281,2011-10-17/2011-10-23,10,10.0,10.0,16.9,1.69,1.69,0,0,0,2011-10-19,ORAL HYGIENE PRODUCTS,MOUTHWASHES (ANTISEPTIC),500 ML,PRIVATE LABEL,UPSCALE,68500,OH,0.0,baseline
1111085319,21221,2011-10-17/2011-10-23,28,28.0,28.0,55.44,1.98,1.98,0,0,0,2011-10-19,COLD CEREAL,ALL FAMILY CEREAL,12.25 OZ,PRIVATE LABEL,VALUE,48128,OH,0.0,baseline
4116709448,17627,2011-01-24/2011-01-30,8,8.0,8.0,31.92,3.99,3.99,0,0,0,2011-01-26,ORAL HYGIENE PRODUCTS,MOUTHWASH/RINSES AND SPRAYS,532 ML,CHATTEM,MAINSTREAM,59213,TX,0.0,baseline
4116709565,15763,2011-09-26/2011-10-02,1,1.0,1.0,4.99,4.99,4.99,0,0,0,2011-09-28,ORAL HYGIENE PRODUCTS,MOUTHWASHES (ANTISEPTIC),532 ML,CHATTEM,UPSCALE,47530,TX,0.0,baseline
3700031613,13859,2011-12-05/2011-12-11,4,4.0,4.0,17.0,4.25,4.25,0,0,0,2011-12-07,ORAL HYGIENE PRODUCTS,MOUTHWASH/RINSES AND SPRAYS,1 LT,P & G,MAINSTREAM,47824,TX,0.0,baseline
1111085319,8263,2011-02-14/2011-02-20,8,8.0,8.0,14.96,1.87,1.87,0,0,0,2011-02-16,COLD CEREAL,ALL FAMILY CEREAL,12.25 OZ,PRIVATE LABEL,UPSCALE,51055,TX,0.0,baseline
7192100337,23067,2011-07-25/2011-07-31,8,8.0,8.0,52.72,6.59,6.59,0,0,0,2011-07-27,FROZEN PIZZA,PIZZA/PREMIUM,32.7 OZ,TOMBSTONE,MAINSTREAM,37319,OH,0.0,baseline
1600027527,13837,2010-11-15/2010-11-21,31,31.0,31.0,83.39,2.69,2.69,0,0,0,2010-11-17,COLD CEREAL,ALL FAMILY CEREAL,12.25 OZ,GENERAL MI,MAINSTREAM,49164,TX,0.0,baseline
1111038080,11761,2011-08-15/2011-08-21,13,13.0,13.0,13.0,1.0,1.69,0,0,1,2011-08-17,ORAL HYGIENE PRODUCTS,MOUTHWASHES (ANTISEPTIC),500 ML,PRIVATE LABEL,UPSCALE,53905,OH,0.69,tpr_only
2840002333,21227,2010-11-08/2010-11-14,15,15.0,15.0,44.85,2.99,2.99,0,0,0,2010-11-10,BAG SNACKS,PRETZELS,10 OZ,FRITO LAY,UPSCALE,85710,OH,0.0,baseline
88491201426,4245,2009-05-25/2009-05-31,35,35.0,35.0,115.15,3.29,3.29,0,0,0,2009-05-27,COLD CEREAL,ADULT CEREAL,18 OZ,POST FOODS,MAINSTREAM,58563,IN,0.0,baseline
7192100336,11757,2009-08-10/2009-08-16,3,3.0,3.0,22.47,7.489999999999999,7.489999999999999,0,0,0,2009-08-12,FROZEN PIZZA,PIZZA/PREMIUM,29.8 OZ,TOMBSTONE,MAINSTREAM,32943,KY,0.0,baseline
1111035398,25233,2010-03-01/2010-03-07,6,6.0,6.0,18.36,3.06,3.06,0,0,0,2010-03-03,ORAL HYGIENE PRODUCTS,MOUTHWASHES (ANTISEPTIC),1.5 LT,PRIVATE LABEL,VALUE,46369,TX,0.0,baseline
1600027528,8041,2009-03-16/2009-03-22,10,10.0,10.0,45.9,4.59,4.59,0,0,0,2009-03-18,COLD CEREAL,ALL FAMILY CEREAL,18 OZ,GENERAL MI,MAINSTREAM,49074,OH,0.0,baseline
1111085350,2523,2010-11-29/2010-12-05,13,13.0,13.0,24.7,1.9,1.9,0,0,0,2010-12-01,COLD CEREAL,ALL FAMILY CEREAL,18 OZ,PRIVATE LABEL,VALUE,34373,TX,0.0,baseline
1111009507,25233,2010-05-31/2010-06-06,13,13.0,13.0,16.12,1.24,1.22,0,1,0,2010-06-02,BAG SNACKS,PRETZELS,15 OZ,PRIVATE LABEL,VALUE,46369,TX,0.0,display
7218063052,24991,2011-05-30/2011-06-05,4,4.0,4.0,28.36,7.09,7.09,0,0,0,2011-06-01,FROZEN PIZZA,PIZZA/PREMIUM,22.7 OZ,TONYS,UPSCALE,77730,OH,0.0,baseline
2840004768,11761,2010-10-04/2010-10-10,23,23.0,23.0,68.77000000000001,2.9900000000000007,2.9900000000000007,0,0,0,2010-10-06,BAG SNACKS,PRETZELS,16 OZ,FRITO LAY,UPSCALE,53905,OH,0.0,baseline
3800039118,23067,2010-09-20/2010-09-26,2,2.0,2.0,6.18,3.09,3.09,0,0,0,2010-09-22,COLD CEREAL,KIDS CEREAL,12.2 OZ,KELLOGG,MAINSTREAM,37319,OH,0.0,baseline
3700044982,623,2011-07-04/2011-07-10,1,1.0,1.0,4.4,4.4,5.23,0,0,1,2011-07-06,ORAL HYGIENE PRODUCTS,MOUTHWASHES (ANTISEPTIC),1 LT,P & G,MAINSTREAM,46930,TX,0.8300000000000001,tpr_only
3000006560,8263,2010-09-27/2010-10-03,18,18.0,18.0,36.17999999999999,2.01,2.59,0,0,1,2010-09-29,COLD CEREAL,KIDS CEREAL,13 OZ,QUAKER,UPSCALE,51055,TX,0.5800000000000001,tpr_only
2840004770,21227,2009-03-09/2009-03-15,30,30.0,30.0,74.7,2.49,2.89,0,1,0,2009-03-11,BAG SNACKS,PRETZELS,16 OZ,FRITO LAY,UPSCALE,85710,OH,0.3999999999999999,display
3700044982,21213,2010-07-12/2010-07-18,1,1.0,1.0,5.49,5.49,5.49,0,0,0,2010-07-14,ORAL HYGIENE PRODUCTS,MOUTHWASHES (ANTISEPTIC),1 LT,P & G,MAINSTREAM,46630,OH,0.0,baseline
2840004770,26981,2009-04-13/2009-04-19,7,7.0,7.0,20.23,2.89,2.89,0,0,0,2009-04-15,BAG SNACKS,PRETZELS,16 OZ,FRITO LAY,MAINSTREAM,42081,OH,0.0,baseline
7218063052,24991,2009-11-30/2009-12-06,7,7.0,7.0,44.66,6.38,6.38,0,0,0,2009-12-02,FROZEN PIZZA,PIZZA/PREMIUM,22.7 OZ,TONYS,UPSCALE,77730,OH,0.0,baseline
7797502248,15541,2010-12-13/2010-12-19,8,8.0,8.0,18.32,2.29,2.29,0,0,0,2010-12-15,BAG SNACKS,PRETZELS,10 OZ,SNYDER S,MAINSTREAM,38858,OH,0.0,baseline
3700031613,28909,2010-01-25/2010-01-31,10,10.0,10.0,41.900000000000006,4.19,4.19,0,0,0,2010-01-27,ORAL HYGIENE PRODUCTS,MOUTHWASH/RINSES AND SPRAYS,1 LT,P & G,MAINSTREAM,85876,OH,0.0,baseline
1600027527,2513,2010-09-27/2010-10-03,132,132.0,132.0,261.36,1.9800000000000002,2.46,1,0,0,2010-09-29,COLD CEREAL,ALL FAMILY CEREAL,12.25 OZ,GENERAL MI,UPSCALE,61833,TX,0.48,feature
7027316204,15547,2010-05-17/2010-05-23,19,19.0,19.0,32.87,1.7299999999999998,2.19,0,0,1,2010-05-19,BAG SNACKS,PRETZELS,16 OZ,SHULTZ,MAINSTREAM,48132,OH,0.45999999999999996,tpr_only
1111009477,19265,2010-04-26/2010-05-02,123,123.0,123.0,180.81,1.47,1.47,0,0,0,2010-04-28,BAG SNACKS,PRETZELS,15 OZ,PRIVATE LABEL,MAINSTREAM,55685,KY,0.0,baseline
7218063979,23345,2010-07-19/2010-07-25,5,5.0,5.0,26.45,5.29,6.49,0,0,1,2010-07-21,FROZEN PIZZA,PIZZA/PREMIUM,27.35 OZ,TONYS,UPSCALE,46369,TX,1.2000000000000002,tpr_only
1111035398,15765,2010-12-20/2010-12-26,2,2.0,2.0,5.98,2.99,2.99,0,0,0,2010-12-22,ORAL HYGIENE PRODUCTS,MOUTHWASHES (ANTISEPTIC),1.5 LT,PRIVATE LABEL,MAINSTREAM,49068,TX,0.0,baseline
3800031829,23061,2010-08-16/2010-08-22,33,33.0,33.0,108.57000000000001,3.29,3.29,0,0,0,2010-08-18,COLD CEREAL,ALL FAMILY CEREAL,18 OZ,KELLOGG,MAINSTREAM,42437,OH,0.0,baseline
3000006560,23067,2011-02-07/2011-02-13,15,15.0,15.0,39.6,2.64,2.64,0,0,0,2011-02-09,COLD CEREAL,KIDS CEREAL,13 OZ,QUAKER,MAINSTREAM,37319,OH,0.0,baseline
1600027528,19265,2009-11-30/2009-12-06,38,38.0,38.0,174.42,4.59,4.59,0,0,0,2009-12-02,COLD CEREAL,ALL FAMILY CEREAL,18 OZ,GENERAL MI,MAINSTREAM,55685,KY,0.0,baseline
7218063979,23345,2010-10-04/2010-10-10,5,5.0,5.0,22.450000000000003,4.49,7.290000000000001,1,1,0,2010-10-06,FROZEN PIZZA,PIZZA/PREMIUM,27.35 OZ,TONYS,UPSCALE,46369,TX,2.8,feature+display
3800031838,4245,2011-10-03/2011-10-09,25,25.0,25.0,82.0,3.28,3.28,0,0,0,2011-10-05,COLD CEREAL,KIDS CEREAL,15 OZ,KELLOGG,MAINSTREAM,58563,IN,0.0,baseline
88491212971,26983,2011-10-17/2011-10-23,31,31.0,31.0,92.69000000000001,2.99,2.99,0,0,0,2011-10-19,COLD CEREAL,KIDS CEREAL,11 OZ,POST FOODS,VALUE,48782,OH,0.0,baseline
7797508006,29159,2010-10-04/2010-10-10,16,16.0,16.0,47.84,2.99,2.99,0,1,0,2010-10-06,BAG SNACKS,PRETZELS,16 OZ,SNYDER S,MAINSTREAM,54927,TX,0.0,display
1111087395,8041,2010-05-31/2010-06-06,3,3.0,3.0,13.89,4.63,4.63,0,0,0,2010-06-02,FROZEN PIZZA,PIZZA/PREMIUM,32.7 OZ,PRIVATE LABEL,MAINSTREAM,49074,OH,0.0,baseline
7218063052,11761,2010-03-29/2010-04-04,9,9.0,9.0,56.42999999999999,6.27,6.27,0,0,0,2010-03-31,FROZEN PIZZA,PIZZA/PREMIUM,22.7 OZ,TONYS,UPSCALE,53905,OH,0.0,baseline
1111085319,19533,2009-07-13/2009-07-19,9,9.0,9.0,16.47,1.8299999999999998,1.8299999999999998,0,0,0,2009-07-15,COLD CEREAL,ALL FAMILY CEREAL,12.25 OZ,PRIVATE LABEL,MAINSTREAM,48330,TX,0.0,baseline
3800031838,28909,2009-03-23/2009-03-29,43,43.0,43.0,119.53999999999999,2.78,2.78,0,0,0,2009-03-25,COLD CEREAL,KIDS CEREAL,15 OZ,KELLOGG,MAINSTREAM,85876,OH,0.0,baseline
3000006560,389,2009-11-16/2009-11-22,28,28.0,28.0,70.0,2.5,2.59,1,0,0,2009-11-18,COLD CEREAL,KIDS CEREAL,13 OZ,QUAKER,MAINSTREAM,46073,KY,0.08999999999999986,feature
7110410471,21237,2009-05-04/2009-05-10,3,3.0,3.0,7.5,2.5,2.7900000000000005,0,0,1,2009-05-06,BAG SNACKS,PRETZELS,16 OZ,MKSL,MAINSTREAM,86517,OH,0.29000000000000004,tpr_only
1111087395,13859,2011-09-05/2011-09-11,1,1.0,1.0,3.67,3.67,3.67,0,0,0,2011-09-07,FROZEN PIZZA,PIZZA/PREMIUM,32.7 OZ,PRIVATE LABEL,MAINSTREAM,47824,TX,0.0,baseline
1600027528,23067,2011-09-12/2011-09-18,21,21.0,21.0,100.59,4.79,4.79,0,0,0,2011-09-14,COLD CEREAL,ALL FAMILY CEREAL,18 OZ,GENERAL MI,MAINSTREAM,37319,OH,0.0,baseline
88491201427,21221,2011-04-04/2011-04-10,20,20.0,20.0,62.400000000000006,3.12,3.12,0,0,0,2011-04-06,COLD CEREAL,ADULT CEREAL,18 OZ,POST FOODS,VALUE,48128,OH,0.0,baseline
1111009507,26973,2009-10-05/2009-10-11,22,22.0,22.0,31.459999999999997,1.43,1.43,0,0,0,2009-10-07,BAG SNACKS,PRETZELS,15 OZ,PRIVATE LABEL,MAINSTREAM,48128,OH,0.0,baseline
3800031838,23061,2009-04-06/2009-04-12,33,33.0,33.0,92.73,2.81,2.81,0,0,0,2009-04-08,COLD CEREAL,KIDS CEREAL,15 OZ,KELLOGG,MAINSTREAM,42437,OH,0.0,baseline
3700031613,21213,2011-08-15/2011-08-21,5,5.0,5.0,21.45,4.29,4.29,0,0,0,2011-08-17,ORAL HYGIENE PRODUCTS,MOUTHWASH/RINSES AND SPRAYS,1 LT,P & G,MAINSTREAM,46630,OH,0.0,baseline
7110410471,387,2010-04-12/2010-04-18,5,5.0,5.0,12.450000000000001,2.49,2.49,0,0,0,2010-04-14,BAG SNACKS,PRETZELS,16 OZ,MKSL,UPSCALE,44547,OH,0.0,baseline
1600027527,4489,2010-01-18/2010-01-24,62,62.0,62.0,167.4,2.7,2.7,0,0,0,2010-01-20,COLD CEREAL,ALL FAMILY CEREAL,12.25 OZ,GENERAL MI,UPSCALE,49030,TX,0.0,baseline
1600027564,2523,2011-08-29/2011-09-04,16,16.0,16.0,44.0,2.75,3.39,0,0,1,2011-08-31,COLD CEREAL,ALL FAMILY CEREAL,12 OZ,GENERAL MI,VALUE,34373,TX,0.6400000000000001,tpr_only
2840004768,21237,2011-12-19/2011-12-25,2,2.0,2.0,6.58,3.29,3.29,0,0,0,2011-12-21,BAG SNACKS,PRETZELS,16 OZ,FRITO LAY,MAINSTREAM,86517,OH,0.0,baseline
2066200531,387,2010-03-29/2010-04-04,3,3.0,3.0,19.47,6.489999999999999,6.489999999999999,0,0,0,2010-03-31,FROZEN PIZZA,PIZZA/PREMIUM,13.3 OZ,KING,UPSCALE,44547,OH,0.0,baseline
1111085319,387,2011-10-31/2011-11-06,49,49.0,49.0,97.51,1.9900000000000002,1.9900000000000002,0,0,0,2011-11-02,COLD CEREAL,ALL FAMILY CEREAL,12.25 OZ,PRIVATE LABEL,UPSCALE,44547,OH,0.0,baseline
3800031838,9825,2009-04-27/2009-05-03,44,44.0,44.0,131.56,2.99,2.99,0,0,0,2009-04-29,COLD CEREAL,KIDS CEREAL,15 OZ,KELLOGG,MAINSTREAM,54124,OH,0.0,baseline
88491201427,26981,2011-08-08/2011-08-14,14,14.0,14.0,46.48,3.32,3.32,0,0,0,2011-08-10,COLD CEREAL,ADULT CEREAL,18 OZ,POST FOODS,MAINSTREAM,42081,OH,0.0,baseline
1111009507,21237,2010-09-13/2010-09-19,64,64.0,64.0,94.72,1.48,1.49,0,1,0,2010-09-15,BAG SNACKS,PRETZELS,15 OZ,PRIVATE LABEL,MAINSTREAM,86517,OH,0.010000000000000009,display
7192100336,6187,2009-08-10/2009-08-16,2,2.0,2.0,14.98,7.49,7.49,0,0,0,2009-08-12,FROZEN PIZZA,PIZZA/PREMIUM,29.8 OZ,TOMBSTONE,MAINSTREAM,55474,OH,0.0,baseline
2840004768,23067,2010-02-15/2010-02-21,2,2.0,2.0,5.98,2.99,2.99,0,0,0,2010-02-17,BAG SNACKS,PRETZELS,16 OZ,FRITO LAY,MAINSTREAM,37319,OH,0.0,baseline
7797502248,4245,2010-03-29/2010-04-04,7,7.0,7.0,17.43,2.4899999999999998,2.4899999999999998,0,0,0,2010-03-31,BAG SNACKS,PRETZELS,10 OZ,SNYDER S,MAINSTREAM,58563,IN,0.0,baseline
3800031829,23327,2010-04-05/2010-04-11,11,11.0,11.0,31.68,2.88,2.88,0,0,0,2010-04-07,COLD CEREAL,ALL FAMILY CEREAL,18 OZ,KELLOGG,MAINSTREAM,50722,TX,0.0,baseline
7192100336,2513,2011-12-26/2012-01-01,7,7.0,7.0,36.89,5.2700000000000005,5.2700000000000005,0,0,0,2011-12-28,FROZEN PIZZA,PIZZA/PREMIUM,29.8 OZ,TOMBSTONE,UPSCALE,61833,TX,0.0,baseline
7797502248,13609,2010-04-19/2010-04-25,21,21.0,21.0,48.09,2.29,2.29,0,0,0,2010-04-21,BAG SNACKS,PRETZELS,10 OZ,SNYDER S,MAINSTREAM,55663,OH,0.0,baseline
31254742835,4489,2011-10-03/2011-10-09,3,3.0,3.0,14.91,4.97,4.97,0,0,0,2011-10-05,ORAL HYGIENE PRODUCTS,MOUTHWASHES (ANTISEPTIC),1 LT,WARNER,UPSCALE,49030,TX,0.0,baseline
1600027564,23075,2009-05-04/2009-05-10,42,42.0,42.0,133.98,3.19,3.19,0,0,0,2009-05-06,COLD CEREAL,ALL FAMILY CEREAL,12 OZ,GENERAL MI,MAINSTREAM,51105,OH,0.0,baseline
2840004770,6179,2011-06-06/2011-06-12,18,18.0,18.0,53.82000000000001,2.99,2.99,0,0,0,2011-06-08,BAG SNACKS,PRETZELS,16 OZ,FRITO LAY,UPSCALE,54448,OH,0.0,baseline
1111087396,15547,2009-07-13/2009-07-19,11,11.0,11.0,43.339999999999996,3.9399999999999995,3.9399999999999995,0,0,0,2009-07-15,FROZEN PIZZA,PIZZA/PREMIUM,30.5 OZ,PRIVATE LABEL,MAINSTREAM,48132,OH,0.0,baseline
4116709448,4503,2010-01-11/2010-01-17,6,6.0,6.0,23.94,3.99,4.99,0,0,1,2010-01-13,ORAL HYGIENE PRODUCTS,MOUTHWASH/RINSES AND SPRAYS,532 ML,CHATTEM,MAINSTREAM,56230,TX,1.0,tpr_only
2840004770,19265,2011-06-06/2011-06-12,3,3.0,3.0,8.97,2.99,2.99,0,0,0,2011-06-08,BAG SNACKS,PRETZELS,16 OZ,FRITO LAY,MAINSTREAM,55685,KY,0.0,baseline
1600027527,15765,2010-03-01/2010-03-07,49,49.0,49.0,131.32000000000002,2.6800000000000006,2.6800000000000006,0,0,0,2010-03-03,COLD CEREAL,ALL FAMILY CEREAL,12.25 OZ,GENERAL MI,MAINSTREAM,49068,TX,0.0,baseline
3800039118,15547,2009-05-04/2009-05-10,24,24.0,24.0,79.67999999999999,3.32,3.32,0,0,0,2009-05-06,COLD CEREAL,KIDS CEREAL,12.2 OZ,KELLOGG,MAINSTREAM,48132,OH,0.0,baseline
1111009507,21237,2010-01-04/2010-01-10,65,65.0,65.0,80.6,1.24,1.48,1,1,0,2010-01-06,BAG SNACKS,PRETZELS,15 OZ,PRIVATE LABEL,MAINSTREAM,86517,OH,0.24,feature+display
1111009497,25261,2009-08-31/2009-09-06,42,42.0,42.0,51.24,1.22,1.22,0,0,0,2009-09-02,BAG SNACKS,PRETZELS,15 OZ,PRIVATE LABEL,MAINSTREAM,46368,TX,0.0,baseline
7027316204,28909,2011-04-04/2011-04-10,10,10.0,10.0,16.5,1.65,1.65,0,0,0,2011-04-06,BAG SNACKS,PRETZELS,16 OZ,SHULTZ,MAINSTREAM,85876,OH,0.0,baseline
1111038078,6379,2011-02-14/2011-02-20,5,5.0,5.0,7.75,1.55,1.55,0,0,0,2011-02-16,ORAL HYGIENE PRODUCTS,MOUTHWASHES (ANTISEPTIC),500 ML,PRIVATE LABEL,MAINSTREAM,50237,TX,0.0,baseline
1111087398,6379,2010-12-06/2010-12-12,13,13.0,13.0,41.99,3.23,3.23,0,0,0,2010-12-08,FROZEN PIZZA,PIZZA/PREMIUM,29.6 OZ,PRIVATE LABEL,MAINSTREAM,50237,TX,0.0,baseline
31254742735,21227,2010-06-21/2010-06-27,5,5.0,5.0,24.950000000000003,4.99,4.99,0,0,0,2010-06-23,ORAL HYGIENE PRODUCTS,MOUTHWASHES (ANTISEPTIC),1 LT,WARNER,UPSCALE,85710,OH,0.0,baseline
3800031838,6187,2009-04-06/2009-04-12,35,35.0,35.0,100.8,2.88,2.88,0,0,0,2009-04-08,COLD CEREAL,KIDS CEREAL,15 OZ,KELLOGG,MAINSTREAM,55474,OH,0.0,baseline
88491201426,15755,2010-10-04/2010-10-10,63,63.0,63.0,184.59,2.93,2.93,0,0,0,2010-10-06,COLD CEREAL,ADULT CEREAL,18 OZ,POST FOODS,VALUE,34373,TX,0.0,baseline
1111085350,9825,2010-09-06/2010-09-12,95,95.0,95.0,183.35,1.93,2.3,0,0,1,2010-09-08,COLD CEREAL,ALL FAMILY CEREAL,18 OZ,PRIVATE LABEL,MAINSTREAM,54124,OH,0.3699999999999999,tpr_only
1111009497,13827,2011-05-16/2011-05-22,18,18.0,18.0,22.32,1.24,1.24,0,0,0,2011-05-18,BAG SNACKS,PRETZELS,15 OZ,PRIVATE LABEL,MAINSTREAM,50766,TX,0.0,baseline
4116709565,10019,2009-10-05/2009-10-11,1,1.0,1.0,4.99,4.99,4.99,0,0,0,2009-10-07,ORAL HYGIENE PRODUCTS,MOUTHWASHES (ANTISEPTIC),532 ML,CHATTEM,VALUE,35675,TX,0.0,baseline
3800039118,19523,2010-08-23/2010-08-29,16,16.0,16.0,52.96,3.31,3.31,0,0,0,2010-08-25,COLD CEREAL,KIDS CEREAL,12.2 OZ,KELLOGG,VALUE,48594,TX,0.0,baseline
1111009497,2495,2010-02-22/2010-02-28,14,14.0,14.0,17.36,1.24,1.24,0,0,0,2010-02-24,BAG SNACKS,PRETZELS,15 OZ,PRIVATE LABEL,MAINSTREAM,48462,TX,0.0,baseline
2840004768,2505,2011-11-14/2011-11-20,6,6.0,6.0,19.740000000000002,3.2900000000000005,3.2900000000000005,0,0,0,2011-11-16,BAG SNACKS,PRETZELS,16 OZ,FRITO LAY,MAINSTREAM,41644,TX,0.0,baseline
1111009497,12011,2011-07-25/2011-07-31,29,29.0,29.0,28.419999999999998,0.98,1.18,0,0,1,2011-07-27,BAG SNACKS,PRETZELS,15 OZ,PRIVATE LABEL,MAINSTREAM,41325,TX,0.19999999999999996,tpr_only
3800031838,15547,2011-10-10/2011-10-16,53,53.0,53.0,173.84,3.2800000000000002,3.2800000000000002,0,0,0,2011-10-12,COLD CEREAL,KIDS CEREAL,15 OZ,KELLOGG,MAINSTREAM,48132,OH,0.0,baseline
1600027528,26981,2009-04-06/2009-04-12,45,45.0,45.0,202.05,4.49,4.49,0,0,0,2009-04-08,COLD CEREAL,ALL FAMILY CEREAL,18 OZ,GENERAL MI,MAINSTREAM,42081,OH,0.0,baseline
7192100336,623,2010-05-24/2010-05-30,11,11.0,11.0,72.49,6.59,6.59,0,0,0,2010-05-26,FROZEN PIZZA,PIZZA/PREMIUM,29.8 OZ,TOMBSTONE,MAINSTREAM,46930,TX,0.0,baseline
1111087396,23061,2009-06-08/2009-06-14,8,8.0,8.0,32.0,4.0,4.0,0,0,0,2009-06-10,FROZEN PIZZA,PIZZA/PREMIUM,30.5 OZ,PRIVATE LABEL,MAINSTREAM,42437,OH,0.0,baseline
88491201426,25261,2010-03-22/2010-03-28,16,16.0,16.0,53.92,3.37,3.37,0,0,0,2010-03-24,COLD CEREAL,ADULT CEREAL,18 OZ,POST FOODS,MAINSTREAM,46368,TX,0.0,baseline
88491201427,15763,2011-01-10/2011-01-16,9,9.0,9.0,26.099999999999998,2.9,2.9,0,0,0,2011-01-12,COLD CEREAL,ADULT CEREAL,18 OZ,POST FOODS,UPSCALE,47530,TX,0.0,baseline
1600027528,13859,2009-10-26/2009-11-01,10,10.0,10.0,43.9,4.39,4.39,0,0,0,2009-10-28,COLD CEREAL,ALL FAMILY CEREAL,18 OZ,GENERAL MI,MAINSTREAM,47824,TX,0.0,baseline
4116709448,25001,2009-11-30/2009-12-06,1,1.0,1.0,3.69,3.69,4.59,0,0,1,2009-12-02,ORAL HYGIENE PRODUCTS,MOUTHWASH/RINSES AND SPRAYS,532 ML,CHATTEM,VALUE,34177,OH,0.8999999999999999,tpr_only
88491201427,25253,2010-01-04/2010-01-10,18,18.0,18.0,60.660000000000004,3.37,3.37,0,0,0,2010-01-06,COLD CEREAL,ADULT CEREAL,18 OZ,POST FOODS,MAINSTREAM,33931,TX,0.0,baseline
1111087395,23061,2011-01-10/2011-01-16,25,25.0,25.0,82.75,3.31,3.31,0,0,0,2011-01-12,FROZEN PIZZA,PIZZA/PREMIUM,32.7 OZ,PRIVATE LABEL,MAINSTREAM,42437,OH,0.0,baseline
3800039118,15763,2010-03-01/2010-03-07,78,78.0,78.0,195.0,2.5,2.98,0,1,0,2010-03-03,COLD CEREAL,KIDS CEREAL,12.2 OZ,KELLOGG,UPSCALE,47530,TX,0.48,display
1111087395,10019,2011-01-24/2011-01-30,5,5.0,5.0,14.950000000000001,2.99,2.99,0,0,0,2011-01-26,FROZEN PIZZA,PIZZA/PREMIUM,32.7 OZ,PRIVATE LABEL,VALUE,35675,TX,0.0,baseline
3700019521,13853,2009-12-21/2009-12-27,1,1.0,1.0,3.49,3.49,3.49,0,0,0,2009-12-23,ORAL HYGIENE PRODUCTS,MOUTHWASH/RINSES AND SPRAYS,4.2 OZ,P & G,MAINSTREAM,53586,TX,0.0,baseline
31254742735,19523,2009-08-24/2009-08-30,6,6.0,6.0,23.94,3.99,5.19,0,1,0,2009-08-26,ORAL HYGIENE PRODUCTS,MOUTHWASHES (ANTISEPTIC),1 LT,WARNER,VALUE,48594,TX,1.2000000000000002,display
1111087396,19265,2010-01-18/2010-01-24,15,15.0,15.0,44.25,2.95,4.81,0,1,0,2010-01-20,FROZEN PIZZA,PIZZA/PREMIUM,30.5 OZ,PRIVATE LABEL,MAINSTREAM,55685,KY,1.8599999999999994,display
1111087396,23349,2011-01-10/2011-01-16,30,30.0,30.0,88.8,2.96,2.93,0,1,0,2011-01-12,FROZEN PIZZA,PIZZA/PREMIUM,30.5 OZ,PRIVATE LABEL,VALUE,46212,TX,0.0,display
88491201426,23055,2009-09-14/2009-09-20,17,17.0,17.0,55.93,3.29,3.29,0,0,0,2009-09-16,COLD CEREAL,ADULT CEREAL,18 OZ,POST FOODS,VALUE,22920,OH,0.0,baseline
7027312504,21213,2009-01-12/2009-01-18,4,4.0,4.0,6.6,1.65,2.13,0,0,1,2009-01-14,BAG SNACKS,PRETZELS,12 OZ,SHULTZ,MAINSTREAM,46630,OH,0.48,tpr_only
7192100336,17599,2010-06-21/2010-06-27,16,16.0,16.0,79.84,4.99,6.59,1,0,0,2010-06-23,FROZEN PIZZA,PIZZA/PREMIUM,29.8 OZ,TOMBSTONE,VALUE,36994,TX,1.5999999999999996,feature
88491212971,15547,2009-09-28/2009-10-04,22,22.0,22.0,57.2,2.6,2.6,0,0,0,2009-09-30,COLD CEREAL,KIDS CEREAL,11 OZ,POST FOODS,MAINSTREAM,48132,OH,0.0,baseline
7192100337,2513,2010-01-18/2010-01-24,14,14.0,14.0,92.25999999999999,6.589999999999999,6.589999999999999,0,0,0,2010-01-20,FROZEN PIZZA,PIZZA/PREMIUM,32.7 OZ,TOMBSTONE,UPSCALE,61833,TX,0.0,baseline
2840004768,25261,2009-10-12/2009-10-18,13,13.0,13.0,37.57,2.89,2.89,0,0,0,2009-10-14,BAG SNACKS,PRETZELS,16 OZ,FRITO LAY,MAINSTREAM,46368,TX,0.0,baseline
1111085345,367,2009-05-18/2009-05-24,17,17.0,17.0,27.709999999999997,1.63,1.63,0,0,0,2009-05-20,COLD CEREAL,ADULT CEREAL,20 OZ,PRIVATE LABEL,VALUE,24721,KY,0.0,baseline
1600027564,9825,2011-09-05/2011-09-11,99,99.0,99.0,258.39,2.61,3.1799999999999997,0,0,1,2011-09-07,COLD CEREAL,ALL FAMILY CEREAL,12 OZ,GENERAL MI,MAINSTREAM,54124,OH,0.5700000000000003,tpr_only
7218063983,12011,2010-02-01/2010-02-07,1,1.0,1.0,7.29,7.29,7.29,0,0,0,2010-02-03,FROZEN PIZZA,PIZZA/PREMIUM,26.11 OZ,TONYS,MAINSTREAM,41325,TX,0.0,baseline
31254742835,15541,2010-12-20/2010-12-26,1,1.0,1.0,4.99,4.99,4.99,0,0,0,2010-12-22,ORAL HYGIENE PRODUCTS,MOUTHWASHES (ANTISEPTIC),1 LT,WARNER,MAINSTREAM,38858,OH,0.0,baseline
3700019521,15765,2009-03-30/2009-04-05,7,7.0,7.0,17.5,2.5,3.29,1,0,0,2009-04-01,ORAL HYGIENE PRODUCTS,MOUTHWASH/RINSES AND SPRAYS,4.2 OZ,P & G,MAINSTREAM,49068,TX,0.79,feature
88491201426,15541,2010-03-08/2010-03-14,12,12.0,12.0,33.480000000000004,2.7900000000000005,3.2900000000000005,0,0,1,2010-03-10,COLD CEREAL,ADULT CEREAL,18 OZ,POST FOODS,MAINSTREAM,38858,OH,0.5,tpr_only
3700031613,23327,2009-01-26/2009-02-01,5,5.0,5.0,20.25,4.05,4.05,0,0,0,2009-01-28,ORAL HYGIENE PRODUCTS,MOUTHWASH/RINSES AND SPRAYS,1 LT,P & G,MAINSTREAM,50722,TX,0.0,baseline
1111009507,17615,2010-11-01/2010-11-07,10,10.0,10.0,12.4,1.24,1.24,0,0,0,2010-11-03,BAG SNACKS,PRETZELS,15 OZ,PRIVATE LABEL,MAINSTREAM,48632,TX,0.0,baseline
1111035398,25261,2011-03-21/2011-03-27,2,2.0,2.0,5.98,2.99,2.99,0,0,0,2011-03-23,ORAL HYGIENE PRODUCTS,MOUTHWASHES (ANTISEPTIC),1.5 LT,PRIVATE LABEL,MAINSTREAM,46368,TX,0.0,baseline
1111035398,11993,2009-10-19/2009-10-25,10,10.0,10.0,30.6,3.06,3.06,0,0,0,2009-10-21,ORAL HYGIENE PRODUCTS,MOUTHWASHES (ANTISEPTIC),1.5 LT,PRIVATE LABEL,UPSCALE,57741,TX,0.0,baseline
2066200532,15765,2011-02-28/2011-03-06,2,2.0,2.0,11.98,5.99,5.99,0,0,0,2011-03-02,FROZEN PIZZA,PIZZA/PREMIUM,14.7 OZ,KING,MAINSTREAM,49068,TX,0.0,baseline
3800039118,389,2011-07-11/2011-07-17,24,24.0,24.0,74.4,3.1,3.1,0,0,0,2011-07-13,COLD CEREAL,KIDS CEREAL,12.2 OZ,KELLOGG,MAINSTREAM,46073,KY,0.0,baseline
1111087395,15541,2009-06-29/2009-07-05,1,1.0,1.0,4.0,4.0,4.0,0,0,0,2009-07-01,FROZEN PIZZA,PIZZA/PREMIUM,32.7 OZ,PRIVATE LABEL,MAINSTREAM,38858,OH,0.0,baseline
1111087396,23327,2010-07-05/2010-07-11,17,17.0,17.0,56.099999999999994,3.3,3.3,0,0,0,2010-07-07,FROZEN PIZZA,PIZZA/PREMIUM,30.5 OZ,PRIVATE LABEL,MAINSTREAM,50722,TX,0.0,baseline
1111087398,25001,2010-06-21/2010-06-27,4,4.0,4.0,19.16,4.79,4.79,0,0,0,2010-06-23,FROZEN PIZZA,PIZZA/PREMIUM,29.6 OZ,PRIVATE LABEL,VALUE,34177,OH,0.0,baseline
7797502248,2279,2010-08-09/2010-08-15,9,9.0,9.0,22.410000000000004,2.49,2.49,0,0,0,2010-08-11,BAG SNACKS,PRETZELS,10 OZ,SNYDER S,MAINSTREAM,44175,OH,0.0,baseline
3700019521,367,2010-01-11/2010-01-17,1,1.0,1.0,2.5,2.5,3.49,1,0,0,2010-01-13,ORAL HYGIENE PRODUCTS,MOUTHWASH/RINSES AND SPRAYS,4.2 OZ,P & G,VALUE,24721,KY,0.9900000000000002,feature
3800031838,23327,2011-06-13/2011-06-19,26,26.0,26.0,74.88,2.88,2.88,0,0,0,2011-06-15,COLD CEREAL,KIDS CEREAL,15 OZ,KELLOGG,MAINSTREAM,50722,TX,0.0,baseline
3800039118,2281,2011-09-26/2011-10-02,24,24.0,24.0,81.12,3.3800000000000003,3.3800000000000003,0,0,0,2011-09-28,COLD CEREAL,KIDS CEREAL,12.2 OZ,KELLOGG,UPSCALE,68500,OH,0.0,baseline
4116709565,4489,2011-05-23/2011-05-29,4,4.0,4.0,19.96,4.99,4.99,0,0,0,2011-05-25,ORAL HYGIENE PRODUCTS,MOUTHWASHES (ANTISEPTIC),532 ML,CHATTEM,UPSCALE,49030,TX,0.0,baseline
1111085319,2495,2009-08-17/2009-08-23,20,20.0,20.0,32.8,1.64,1.61,1,0,0,2009-08-19,COLD CEREAL,ALL FAMILY CEREAL,12.25 OZ,PRIVATE LABEL,MAINSTREAM,48462,TX,0.0,feature
1111035398,2541,2009-03-30/2009-04-05,2,2.0,2.0,9.38,4.69,4.69,0,0,0,2009-04-01,ORAL HYGIENE PRODUCTS,MOUTHWASHES (ANTISEPTIC),1.5 LT,PRIVATE LABEL,MAINSTREAM,29231,TX,0.0,baseline
7218063983,17599,2010-07-05/2010-07-11,1,1.0,1.0,5.29,5.29,6.49,0,0,1,2010-07-07,FROZEN PIZZA,PIZZA/PREMIUM,26.11 OZ,TONYS,VALUE,36994,TX,1.2000000000000002,tpr_only
7797508004,23327,2011-10-10/2011-10-16,3,3.0,3.0,9.870000000000001,3.2900000000000005,3.2900000000000005,0,0,0,2011-10-12,BAG SNACKS,PRETZELS,16 OZ,SNYDER S,MAINSTREAM,50722,TX,0.0,baseline
2840002333,29159,2011-08-01/2011-08-07,10,10.0,10.0,32.9,3.29,3.29,0,0,0,2011-08-03,BAG SNACKS,PRETZELS,10 OZ,FRITO LAY,MAINSTREAM,54927,TX,0.0,baseline
3700019521,4489,2009-06-15/2009-06-21,4,4.0,4.0,10.48,2.62,3.49,0,0,1,2009-06-17,ORAL HYGIENE PRODUCTS,MOUTHWASH/RINSES AND SPRAYS,4.2 OZ,P & G,UPSCALE,49030,TX,0.8700000000000001,tpr_only
1111035398,17627,2009-10-19/2009-10-25,4,4.0,4.0,12.24,3.06,3.06,0,0,0,2009-10-21,ORAL HYGIENE PRODUCTS,MOUTHWASHES (ANTISEPTIC),1.5 LT,PRIVATE LABEL,MAINSTREAM,59213,TX,0.0,baseline
88491201426,2495,2010-10-04/2010-10-10,21,21.0,21.0,61.74,2.94,2.94,0,0,0,2010-10-06,COLD CEREAL,ADULT CEREAL,18 OZ,POST FOODS,MAINSTREAM,48462,TX,0.0,baseline
7797502248,28909,2010-05-31/2010-06-06,14,14.0,14.0,34.86,2.4899999999999998,2.4899999999999998,0,0,0,2010-06-02,BAG SNACKS,PRETZELS,10 OZ,SNYDER S,MAINSTREAM,85876,OH,0.0,baseline
1111009507,21479,2010-12-13/2010-12-19,8,8.0,8.0,9.36,1.17,1.17,0,0,0,2010-12-15,BAG SNACKS,PRETZELS,15 OZ,PRIVATE LABEL,VALUE,49104,TX,0.0,baseline
7027316204,15547,2011-09-26/2011-10-02,18,18.0,18.0,31.5,1.75,2.09,0,0,1,2011-09-28,BAG SNACKS,PRETZELS,16 OZ,SHULTZ,MAINSTREAM,48132,OH,0.33999999999999986,tpr_only
3000006560,25027,2010-06-07/2010-06-13,114,114.0,114.0,295.26,2.59,2.59,0,0,0,2010-06-09,COLD CEREAL,KIDS CEREAL,13 OZ,QUAKER,MAINSTREAM,62656,OH,0.0,baseline
2840002333,27175,2011-11-28/2011-12-04,5,5.0,5.0,16.45,3.29,3.29,0,0,0,2011-11-30,BAG SNACKS,PRETZELS,10 OZ,FRITO LAY,UPSCALE,50224,TX,0.0,baseline
1600027528,21237,2010-11-15/2010-11-21,8,8.0,8.0,36.72,4.59,4.59,0,0,0,2010-11-17,COLD CEREAL,ALL FAMILY CEREAL,18 OZ,GENERAL MI,MAINSTREAM,86517,OH,0.0,baseline
1111087396,29159,2009-02-02/2009-02-08,11,11.0,11.0,36.3,3.3,3.3,0,0,0,2009-02-04,FROZEN PIZZA,PIZZA/PREMIUM,30.5 OZ,PRIVATE LABEL,MAINSTREAM,54927,TX,0.0,baseline
88491201426,6179,2009-11-16/2009-11-22,33,33.0,33.0,108.57000000000001,3.29,3.29,0,0,0,2009-11-18,COLD CEREAL,ADULT CEREAL,18 OZ,POST FOODS,UPSCALE,54448,OH,0.0,baseline
1111087396,24991,2009-12-21/2009-12-27,51,51.0,51.0,147.39000000000001,2.89,4.89,0,1,0,2009-12-23,FROZEN PIZZA,PIZZA/PREMIUM,30.5 OZ,PRIVATE LABEL,UPSCALE,77730,OH,1.9999999999999996,display
88491201427,8263,2011-08-15/2011-08-21,3,3.0,3.0,10.47,3.49,3.49,0,0,0,2011-08-17,COLD CEREAL,ADULT CEREAL,18 OZ,POST FOODS,UPSCALE,51055,TX,0.0,baseline
1600027528,25233,2009-09-14/2009-09-20,25,25.0,25.0,103.75000000000001,4.15,4.15,0,0,0,2009-09-16,COLD CEREAL,ALL FAMILY CEREAL,18 OZ,GENERAL MI,VALUE,46369,TX,0.0,baseline
7192100336,6431,2010-10-04/2010-10-10,13,13.0,13.0,64.87,4.99,6.59,0,0,1,2010-10-06,FROZEN PIZZA,PIZZA/PREMIUM,29.8 OZ,TOMBSTONE,VALUE,43698,TX,1.5999999999999996,tpr_only
1111085350,25229,2011-10-31/2011-11-06,45,45.0,45.0,94.94999999999999,2.11,2.11,0,0,0,2011-11-02,COLD CEREAL,ALL FAMILY CEREAL,18 OZ,PRIVATE LABEL,MAINSTREAM,59241,TX,0.0,baseline
3700044982,10019,2010-12-06/2010-12-12,4,4.0,4.0,17.48,4.37,4.37,0,0,0,2010-12-08,ORAL HYGIENE PRODUCTS,MOUTHWASHES (ANTISEPTIC),1 LT,P & G,VALUE,35675,TX,0.0,baseline
7110410471,23067,2009-03-02/2009-03-08,6,6.0,6.0,15.0,2.5,2.5,0,0,0,2009-03-04,BAG SNACKS,PRETZELS,16 OZ,MKSL,MAINSTREAM,37319,OH,0.0,baseline
31254742725,11761,2011-09-26/2011-10-02,4,4.0,4.0,14.04,3.51,3.99,0,0,1,2011-09-28,ORAL HYGIENE PRODUCTS,MOUTHWASHES (ANTISEPTIC),500 ML,WARNER,UPSCALE,53905,OH,0.4800000000000004,tpr_only
7192100336,8263,2010-05-03/2010-05-09,6,6.0,6.0,39.54,6.59,6.59,0,0,0,2010-05-05,FROZEN PIZZA,PIZZA/PREMIUM,29.8 OZ,TOMBSTONE,UPSCALE,51055,TX,0.0,baseline
1111085319,6179,2009-11-23/2009-11-29,46,46.0,46.0,73.60000000000001,1.6,1.86,0,0,1,2009-11-25,COLD CEREAL,ALL FAMILY CEREAL,12.25 OZ,PRIVATE LABEL,UPSCALE,54448,OH,0.26,tpr_only
3000006610,21213,2010-09-13/2010-09-19,55,55.0,55.0,108.9,1.9800000000000002,2.59,1,1,0,2010-09-15,COLD CEREAL,KIDS CEREAL,14 OZ,QUAKER,MAINSTREAM,46630,OH,0.6099999999999999,feature+display
7110410470,26973,2011-08-22/2011-08-28,9,9.0,9.0,18.0,2.0,2.0,0,0,0,2011-08-24,BAG SNACKS,PRETZELS,16 OZ,MKSL,MAINSTREAM,48128,OH,0.0,baseline
4116709565,2495,2009-07-13/2009-07-19,1,1.0,1.0,4.99,4.99,4.99,0,0,0,2009-07-15,ORAL HYGIENE PRODUCTS,MOUTHWASHES (ANTISEPTIC),532 ML,CHATTEM,MAINSTREAM,48462,TX,0.0,baseline
1111009477,4259,2011-01-17/2011-01-23,42,42.0,42.0,63.42,1.51,1.51,0,0,0,2011-01-19,BAG SNACKS,PRETZELS,15 OZ,PRIVATE LABEL,VALUE,48813,OH,0.0,baseline
1600027528,23055,2011-04-04/2011-04-10,26,26.0,26.0,124.54,4.79,4.79,0,0,0,2011-04-06,COLD CEREAL,ALL FAMILY CEREAL,18 OZ,GENERAL MI,VALUE,22920,OH,0.0,baseline
1111009477,17615,2011-05-02/2011-05-08,19,19.0,19.0,23.37,1.23,1.23,0,0,0,2011-05-04,BAG SNACKS,PRETZELS,15 OZ,PRIVATE LABEL,MAINSTREAM,48632,TX,0.0,baseline
7192100336,2495,2011-02-28/2011-03-06,12,12.0,12.0,79.08,6.59,6.59,0,0,0,2011-03-02,FROZEN PIZZA,PIZZA/PREMIUM,29.8 OZ,TOMBSTONE,MAINSTREAM,48462,TX,0.0,baseline
1111038080,8041,2009-05-18/2009-05-24,4,4.0,4.0,10.12,2.53,2.59,0,1,0,2009-05-20,ORAL HYGIENE PRODUCTS,MOUTHWASHES (ANTISEPTIC),500 ML,PRIVATE LABEL,MAINSTREAM,49074,OH,0.06000000000000005,display
88491201427,25001,2011-10-03/2011-10-09,23,23.0,23.0,76.13,3.3099999999999996,3.3099999999999996,0,0,0,2011-10-05,COLD CEREAL,ADULT CEREAL,18 OZ,POST FOODS,VALUE,34177,OH,0.0,baseline
7797508006,28909,2011-05-02/2011-05-08,22,22.0,22.0,54.78,2.49,2.99,0,0,1,2011-05-04,BAG SNACKS,PRETZELS,16 OZ,SNYDER S,MAINSTREAM,85876,OH,0.5,tpr_only
3800031829,21221,2012-01-02/2012-01-08,52,52.0,52.0,202.28,3.89,3.89,0,0,0,2012-01-04,COLD CEREAL,ALL FAMILY CEREAL,18 OZ,KELLOGG,VALUE,48128,OH,0.0,baseline
7110410455,21237,2010-07-26/2010-08-01,16,16.0,16.0,35.04,2.19,2.19,0,0,0,2010-07-28,BAG SNACKS,PRETZELS,16 OZ,MKSL,MAINSTREAM,86517,OH,0.0,baseline
7027312504,21237,2010-11-22/2010-11-28,8,8.0,8.0,13.2,1.65,1.65,0,0,0,2010-11-24,BAG SNACKS,PRETZELS,12 OZ,SHULTZ,MAINSTREAM,86517,OH,0.0,baseline
3800031838,2541,2009-02-09/2009-02-15,6,6.0,6.0,17.94,2.99,2.99,0,0,0,2009-02-11,COLD CEREAL,KIDS CEREAL,15 OZ,KELLOGG,MAINSTREAM,29231,TX,0.0,baseline
7027312504,6179,2009-10-19/2009-10-25,27,27.0,27.0,36.18,1.34,2.19,0,0,1,2009-10-21,BAG SNACKS,PRETZELS,12 OZ,SHULTZ,UPSCALE,54448,OH,0.8499999999999999,tpr_only
7027312504,15541,2011-12-19/2011-12-25,10,10.0,10.0,17.5,1.75,1.94,0,0,1,2011-12-21,BAG SNACKS,PRETZELS,12 OZ,SHULTZ,MAINSTREAM,38858,OH,0.18999999999999995,tpr_only
31254742735,11967,2009-01-26/2009-02-01,5,5.0,5.0,25.950000000000003,5.19,5.19,0,0,0,2009-01-28,ORAL HYGIENE PRODUCTS,MOUTHWASHES (ANTISEPTIC),1 LT,WARNER,VALUE,25072,TX,0.0,baseline
3700031613,26983,2010-06-28/2010-07-04,1,1.0,1.0,4.19,4.19,4.19,0,0,0,2010-06-30,ORAL HYGIENE PRODUCTS,MOUTHWASH/RINSES AND SPRAYS,1 LT,P & G,VALUE,48782,OH,0.0,baseline
4116709428,23327,2011-06-27/2011-07-03,1,1.0,1.0,4.59,4.59,4.59,0,0,0,2011-06-29,ORAL HYGIENE PRODUCTS,MOUTHWASH/RINSES AND SPRAYS,532 ML,CHATTEM,MAINSTREAM,50722,TX,0.0,baseline
4116709448,4503,2009-11-02/2009-11-08,6,6.0,6.0,29.94,4.99,4.99,0,0,0,2009-11-04,ORAL HYGIENE PRODUCTS,MOUTHWASH/RINSES AND SPRAYS,532 ML,CHATTEM,MAINSTREAM,56230,TX,0.0,baseline
2840004768,623,2011-01-31/2011-02-06,30,30.0,30.0,66.0,2.2,2.89,1,1,0,2011-02-02,BAG SNACKS,PRETZELS,16 OZ,FRITO LAY,MAINSTREAM,46930,TX,0.69,feature+display
1111087395,367,2011-09-12/2011-09-18,10,10.0,10.0,40.0,4.0,4.0,0,0,0,2011-09-14,FROZEN PIZZA,PIZZA/PREMIUM,32.7 OZ,PRIVATE LABEL,VALUE,24721,KY,0.0,baseline
7218063979,367,2010-05-03/2010-05-09,25,25.0,25.0,124.75,4.99,6.27,1,1,0,2010-05-05,FROZEN PIZZA,PIZZA/PREMIUM,27.35 OZ,TONYS,VALUE,24721,KY,1.2799999999999994,feature+display
1111035398,19533,2011-07-11/2011-07-17,4,4.0,4.0,11.68,2.92,2.92,0,0,0,2011-07-13,ORAL HYGIENE PRODUCTS,MOUTHWASHES (ANTISEPTIC),1.5 LT,PRIVATE LABEL,MAINSTREAM,48330,TX,0.0,baseline
7797502248,23327,2010-05-17/2010-05-23,6,6.0,6.0,14.940000000000001,2.49,2.49,0,0,0,2010-05-19,BAG SNACKS,PRETZELS,10 OZ,SNYDER S,MAINSTREAM,50722,TX,0.0,baseline
1111038080,4245,2010-06-21/2010-06-27,8,8.0,8.0,12.64,1.58,1.58,0,0,0,2010-06-23,ORAL HYGIENE PRODUCTS,MOUTHWASHES (ANTISEPTIC),500 ML,PRIVATE LABEL,MAINSTREAM,58563,IN,0.0,baseline
1111009497,23055,2009-05-25/2009-05-31,10,10.0,10.0,14.9,1.49,1.49,0,0,0,2009-05-27,BAG SNACKS,PRETZELS,15 OZ,PRIVATE LABEL,VALUE,22920,OH,0.0,baseline
7192100336,2495,2009-09-14/2009-09-20,4,4.0,4.0,26.36,6.59,6.59,0,0,0,2009-09-16,FROZEN PIZZA,PIZZA/PREMIUM,29.8 OZ,TOMBSTONE,MAINSTREAM,48462,TX,0.0,baseline
7218063052,27175,2011-02-14/2011-02-20,6,6.0,6.0,27.240000000000002,4.54,7.29,1,0,0,2011-02-16,FROZEN PIZZA,PIZZA/PREMIUM,22.7 OZ,TONYS,UPSCALE,50224,TX,2.75,feature
1111085345,17615,2011-12-19/2011-12-25,19,19.0,19.0,30.97,1.63,1.63,0,0,0,2011-12-21,COLD CEREAL,ADULT CEREAL,20 OZ,PRIVATE LABEL,MAINSTREAM,48632,TX,0.0,baseline
4116709565,28909,2010-06-21/2010-06-27,1,1.0,1.0,4.99,4.99,4.99,0,0,0,2010-06-23,ORAL HYGIENE PRODUCTS,MOUTHWASHES (ANTISEPTIC),532 ML,CHATTEM,MAINSTREAM,85876,OH,0.0,baseline
1111085319,11757,2011-03-14/2011-03-20,35,35.0,35.0,57.4,1.64,1.88,1,0,0,2011-03-16,COLD CEREAL,ALL FAMILY CEREAL,12.25 OZ,PRIVATE LABEL,MAINSTREAM,32943,KY,0.24,feature
7027316204,25001,2011-05-02/2011-05-08,2,2.0,2.0,6.98,3.49,3.49,0,0,0,2011-05-04,BAG SNACKS,PRETZELS,16 OZ,SHULTZ,VALUE,34177,OH,0.0,baseline
31254742735,23061,2010-06-14/2010-06-20,1,1.0,1.0,3.99,3.99,4.99,0,0,1,2010-06-16,ORAL HYGIENE PRODUCTS,MOUTHWASHES (ANTISEPTIC),1 LT,WARNER,MAINSTREAM,42437,OH,1.0,tpr_only
88491212971,25229,2010-01-11/2010-01-17,30,30.0,30.0,60.0,2.0,2.5,0,1,0,2010-01-13,COLD CEREAL,KIDS CEREAL,11 OZ,POST FOODS,MAINSTREAM,59241,TX,0.5,display
7797502248,613,2012-01-02/2012-01-08,5,5.0,5.0,12.9,2.58,2.5,0,1,0,2012-01-04,BAG SNACKS,PRETZELS,10 OZ,SNYDER S,MAINSTREAM,64926,TX,0.0,display
1111085345,25253,2010-04-12/2010-04-18,32,32.0,32.0,55.36,1.73,1.73,0,0,0,2010-04-14,COLD CEREAL,ADULT CEREAL,20 OZ,PRIVATE LABEL,MAINSTREAM,33931,TX,0.0,baseline
7797502248,13837,2011-06-20/2011-06-26,12,12.0,12.0,23.88,1.99,2.69,0,0,1,2011-06-22,BAG SNACKS,PRETZELS,10 OZ,SNYDER S,MAINSTREAM,49164,TX,0.7,tpr_only
3000006560,25261,2009-10-05/2009-10-11,22,22.0,22.0,56.98,2.59,2.59,0,0,0,2009-10-07,COLD CEREAL,KIDS CEREAL,13 OZ,QUAKER,MAINSTREAM,46368,TX,0.0,baseline
2840004770,13837,2009-11-16/2009-11-22,12,12.0,12.0,34.68,2.89,2.89,0,0,0,2009-11-18,BAG SNACKS,PRETZELS,16 OZ,FRITO LAY,MAINSTREAM,49164,TX,0.0,baseline
1111009497,13837,2010-08-09/2010-08-15,21,21.0,21.0,25.83,1.23,1.23,0,0,0,2010-08-11,BAG SNACKS,PRETZELS,15 OZ,PRIVATE LABEL,MAINSTREAM,49164,TX,0.0,baseline
1111009497,9825,2011-05-16/2011-05-22,96,96.0,96.0,147.84,1.54,1.53,0,1,0,2011-05-18,BAG SNACKS,PRETZELS,15 OZ,PRIVATE LABEL,MAINSTREAM,54124,OH,0.0,display
31254742835,6379,2009-01-12/2009-01-18,27,27.0,27.0,72.63,2.69,5.190000000000001,1,1,0,2009-01-14,ORAL HYGIENE PRODUCTS,MOUTHWASHES (ANTISEPTIC),1 LT,WARNER,MAINSTREAM,50237,TX,2.5000000000000004,feature+display
7110410455,23055,2011-09-19/2011-09-25,4,4.0,4.0,8.0,2.0,2.0,0,0,0,2011-09-21,BAG SNACKS,PRETZELS,16 OZ,MKSL,VALUE,22920,OH,0.0,baseline
7192100337,25027,2011-01-31/2011-02-06,42,42.0,42.0,209.58,4.99,6.989999999999999,0,1,0,2011-02-02,FROZEN PIZZA,PIZZA/PREMIUM,32.7 OZ,TOMBSTONE,MAINSTREAM,62656,OH,2.0,display
1111009477,4521,2009-08-24/2009-08-30,21,21.0,21.0,20.79,0.99,0.99,0,0,0,2009-08-26,BAG SNACKS,PRETZELS,15 OZ,PRIVATE LABEL,MAINSTREAM,34628,TX,0.0,baseline
1600027528,13827,2011-03-21/2011-03-27,8,8.0,8.0,31.68,3.96,3.96,0,0,0,2011-03-23,COLD CEREAL,ALL FAMILY CEREAL,18 OZ,GENERAL MI,MAINSTREAM,50766,TX,0.0,baseline
1600027527,15541,2009-05-11/2009-05-17,42,42.0,42.0,129.36,3.0800000000000005,3.0800000000000005,0,0,0,2009-05-13,COLD CEREAL,ALL FAMILY CEREAL,12.25 OZ,GENERAL MI,MAINSTREAM,38858,OH,0.0,baseline
3800039118,387,2011-08-15/2011-08-21,14,14.0,14.0,47.32,3.38,3.38,0,0,0,2011-08-17,COLD CEREAL,KIDS CEREAL,12.2 OZ,KELLOGG,UPSCALE,44547,OH,0.0,baseline
1111087395,4259,2011-03-21/2011-03-27,9,9.0,9.0,31.32,3.48,5.29,0,0,1,2011-03-23,FROZEN PIZZA,PIZZA/PREMIUM,32.7 OZ,PRIVATE LABEL,VALUE,48813,OH,1.81,tpr_only
1111038078,4521,2009-12-07/2009-12-13,6,6.0,6.0,5.82,0.9700000000000001,1.5,0,0,1,2009-12-09,ORAL HYGIENE PRODUCTS,MOUTHWASHES (ANTISEPTIC),500 ML,PRIVATE LABEL,MAINSTREAM,34628,TX,0.53,tpr_only
1111087398,13837,2011-11-14/2011-11-20,15,15.0,15.0,51.150000000000006,3.4100000000000006,3.4100000000000006,0,0,0,2011-11-16,FROZEN PIZZA,PIZZA/PREMIUM,29.6 OZ,PRIVATE LABEL,MAINSTREAM,49164,TX,0.0,baseline
7218063979,2541,2010-10-25/2010-10-31,7,7.0,7.0,31.43,4.49,7.29,1,0,0,2010-10-27,FROZEN PIZZA,PIZZA/PREMIUM,27.35 OZ,TONYS,MAINSTREAM,29231,TX,2.8,feature
1111085350,6379,2010-04-05/2010-04-11,43,43.0,43.0,99.75999999999999,2.32,2.32,0,0,0,2010-04-07,COLD CEREAL,ALL FAMILY CEREAL,18 OZ,PRIVATE LABEL,MAINSTREAM,50237,TX,0.0,baseline
1111087398,6187,2009-08-31/2009-09-06,34,34.0,34.0,116.28,3.42,3.8899999999999997,0,1,0,2009-09-02,FROZEN PIZZA,PIZZA/PREMIUM,29.6 OZ,PRIVATE LABEL,MAINSTREAM,55474,OH,0.4700000000000002,display
1111087396,13837,2010-04-26/2010-05-02,44,44.0,44.0,145.2,3.3,3.92,0,1,0,2010-04-28,FROZEN PIZZA,PIZZA/PREMIUM,30.5 OZ,PRIVATE LABEL,MAINSTREAM,49164,TX,0.6200000000000001,display
2066200532,23349,2011-01-10/2011-01-16,2,2.0,2.0,11.98,5.99,5.99,0,0,0,2011-01-12,FROZEN PIZZA,PIZZA/PREMIUM,14.7 OZ,KING,VALUE,46212,TX,0.0,baseline
2840002333,26973,2009-05-11/2009-05-17,12,12.0,12.0,34.68,2.89,2.89,0,0,0,2009-05-13,BAG SNACKS,PRETZELS,10 OZ,FRITO LAY,MAINSTREAM,48128,OH,0.0,baseline
1111087396,2279,2009-03-23/2009-03-29,14,14.0,14.0,55.580000000000005,3.97,3.97,0,0,0,2009-03-25,FROZEN PIZZA,PIZZA/PREMIUM,30.5 OZ,PRIVATE LABEL,MAINSTREAM,44175,OH,0.0,baseline
31254742835,25229,2009-02-16/2009-02-22,2,2.0,2.0,9.0,4.5,5.19,1,0,0,2009-02-18,ORAL HYGIENE PRODUCTS,MOUTHWASHES (ANTISEPTIC),1 LT,WARNER,MAINSTREAM,59241,TX,0.6900000000000004,feature
88491201427,4503,2011-08-08/2011-08-14,48,48.0,48.0,167.52,3.49,3.49,0,0,0,2011-08-10,COLD CEREAL,ADULT CEREAL,18 OZ,POST FOODS,MAINSTREAM,56230,TX,0.0,baseline
2840004768,17615,2011-01-03/2011-01-09,15,15.0,15.0,43.35,2.89,2.89,0,1,0,2011-01-05,BAG SNACKS,PRETZELS,16 OZ,FRITO LAY,MAINSTREAM,48632,TX,0.0,display
7192100336,13827,2009-11-23/2009-11-29,23,23.0,23.0,127.42,5.54,6.59,1,0,0,2009-11-25,FROZEN PIZZA,PIZZA/PREMIUM,29.8 OZ,TOMBSTONE,MAINSTREAM,50766,TX,1.0499999999999998,feature
1111085350,12011,2010-01-04/2010-01-10,29,29.0,29.0,54.809999999999995,1.89,2.19,0,0,1,2010-01-06,COLD CEREAL,ALL FAMILY CEREAL,18 OZ,PRIVATE LABEL,MAINSTREAM,41325,TX,0.30000000000000004,tpr_only
3800039118,2523,2011-03-07/2011-03-13,16,16.0,16.0,52.96,3.31,3.31,0,0,0,2011-03-09,COLD CEREAL,KIDS CEREAL,12.2 OZ,KELLOGG,VALUE,34373,TX,0.0,baseline
31254742735,11761,2011-12-05/2011-12-11,2,2.0,2.0,9.98,4.99,4.99,0,0,0,2011-12-07,ORAL HYGIENE PRODUCTS,MOUTHWASHES (ANTISEPTIC),1 LT,WARNER,UPSCALE,53905,OH,0.0,baseline
3700031613,13859,2009-08-24/2009-08-30,4,4.0,4.0,17.16,4.29,4.29,0,0,0,2009-08-26,ORAL HYGIENE PRODUCTS,MOUTHWASH/RINSES AND SPRAYS,1 LT,P & G,MAINSTREAM,47824,TX,0.0,baseline
3800031838,15547,2009-06-15/2009-06-21,98,98.0,98.0,234.22,2.39,2.99,1,1,0,2009-06-17,COLD CEREAL,KIDS CEREAL,15 OZ,KELLOGG,MAINSTREAM,48132,OH,0.6000000000000001,feature+display
